id,invoice_number,invoice_date,gstin,supplier_name,taxable_value,rate,cgst,sgst,igst,total_tax,total_amount
PR_0001,INV/23-24/15001,2023-08-19,27AABCR1234D1ZA,Reliance Retail Private Limited,384400.00,12.0,23064.00,23064.00,0.00,46128.00,430528.00
PR_0002,INV/23-24/15002,2024-02-29,07AAACH8877H1ZU,Hero MotoCorp Ltd,443800.00,28.0,0.00,0.00,124264.00,124264.00,568064.00
PR_0003,INV/23-24/15003,2024-01-25,07AAACZ9988J1ZW,Zomato Private Limited,212400.00,5.0,0.00,0.00,10620.00,10620.00,223020.00
PR_0004,INV/23-24/15004,2023-11-18,27AAACL0123M1Z8,Larsen & Toubro Ltd,147400.00,28.0,20636.00,20636.00,0.00,41272.00,188672.00
PR_0005,INV/23-24/15005,2023-08-27,27AAACA0001F1Z4,Asian Paints Limited,37600.00,12.0,2256.00,2256.00,0.00,4512.00,42112.00
PR_0006,INV/23-24/15006,2023-05-27,27AAACC5544E1ZO,Cipla Limited,354500.00,18.0,31905.00,31905.00,0.00,63810.00,418310.00
PR_0007,INV/23-24/15007,2023-12-03,27AAACM8890K1Z1,Mahindra & Mahindra Logistics Pvt Ltd,168100.00,5.0,4202.50,4202.50,0.00,8405.00,176505.00
PR_0008,INV/23-24/15008,2024-02-29,29AAACW1122J1Z7,Wipro Technologies Pvt Ltd,322200.00,5.0,0.00,0.00,16110.00,16110.00,338310.00
PR_0009,INV/23-24/15009,2023-09-02,27AAACB2345H1Z5,Bajaj Electricals Ltd,40900.00,28.0,5726.00,5726.00,0.00,11452.00,52352.00
PR_0010,INV/23-24/15010,2024-03-15,27AAACB2345H1Z5,Bajaj Electricals Ltd,283500.00,12.0,17010.00,17010.00,0.00,34020.00,317520.00
PR_0011,INV/23-24/15011,2024-03-31,24AAACS4433D1ZM,Sun Pharmaceutical Industries Ltd,192300.00,28.0,0.00,0.00,53844.00,53844.00,246144.00
PR_0012,INV/23-24/15012,2023-06-24,29AAACT6677K1Z8,Titan Company Ltd,88100.00,5.0,0.00,0.00,4405.00,4405.00,92505.00
PR_0013,INV/23-24/15013,2023-04-13,27AAACM8890K1Z1,Mahindra & Mahindra Logistics Pvt Ltd,466000.00,12.0,27960.00,27960.00,0.00,55920.00,521920.00
PR_0014,INV/23-24/15014,2024-03-23,29AAACT6677K1Z8,Titan Company Ltd,305300.00,28.0,0.00,0.00,85484.00,85484.00,390784.00
PR_0015,INV/23-24/15015,2024-03-21,07AAACD5566T1ZE,Dabur India Limited,435200.00,5.0,0.00,0.00,21760.00,21760.00,456960.00
PR_0016,INV/23-24/15016,2023-11-29,27AAACU3344R1Z0,UltraTech Cement Ltd,347900.00,5.0,8697.50,8697.50,0.00,17395.00,365295.00
PR_0017,INV/23-24/15017,2024-01-11,29AAACI4567A1Z3,Infosys Limited,362400.00,18.0,0.00,0.00,65232.00,65232.00,427632.00
PR_0018,INV/23-24/15018,2023-05-04,07AAACH8877H1ZU,Hero MotoCorp Ltd,59800.00,28.0,0.00,0.00,16744.00,16744.00,76544.00
PR_0019,INV/23-24/15019,2023-11-30,27AABCR1234D1ZA,Reliance Retail Private Limited,297900.00,18.0,26811.00,26811.00,0.00,53622.00,351522.00
PR_0020,INV/23-24/15020,2023-06-01,27AAACB0002G1Z6,Bharat Petroleum Corp Ltd,117600.00,12.0,7056.00,7056.00,0.00,14112.00,131712.00
PR_0021,INV/23-24/15021,2024-01-18,27AAACT2727Q1ZW,Tata Consultancy Services Ltd,75700.00,12.0,4542.00,4542.00,0.00,9084.00,84784.00
PR_0022,INV/23-24/15022,2024-03-03,27AAACB2345H1Z5,Bajaj Electricals Ltd,370400.00,12.0,22224.00,22224.00,0.00,44448.00,414848.00
PR_0023,INV/23-24/15023,2023-08-13,24AAACA3322C1ZK,Adani Enterprises Ltd,461500.00,18.0,0.00,0.00,83070.00,83070.00,544570.00
PR_0024,INV/23-24/15024,2024-01-24,32AAACA7788L1ZA,Apollo Tyres Ltd,156900.00,5.0,0.00,0.00,7845.00,7845.00,164745.00
PR_0025,INV/23-24/15025,2023-04-21,07AAACD5566T1ZE,Dabur India Limited,463400.00,5.0,0.00,0.00,23170.00,23170.00,486570.00
PR_0026,INV/23-24/15026,2023-09-01,29AAACW1122J1Z7,Wipro Technologies Pvt Ltd,125700.00,12.0,0.00,0.00,15084.00,15084.00,140784.00
PR_0027,INV/23-24/15027,2023-10-08,27AAACM8890K1Z1,Mahindra & Mahindra Logistics Pvt Ltd,14100.00,28.0,1974.00,1974.00,0.00,3948.00,18048.00
PR_0028,INV/23-24/15028,2023-12-25,29AAACI4567A1Z3,Infosys Limited,97300.00,5.0,0.00,0.00,4865.00,4865.00,102165.00
PR_0029,INV/23-24/15029,2023-12-28,08AAACV7766G1ZS,Vedanta Resources Ltd,484700.00,18.0,0.00,0.00,87246.00,87246.00,571946.00
PR_0030,INV/23-24/15030,2023-09-11,27AAACT2727Q1ZW,Tata Consultancy Services Ltd,117200.00,18.0,10548.00,10548.00,0.00,21096.00,138296.00
PR_0031,INV/23-24/15031,2023-07-06,29AAACW1122J1Z7,Wipro Technologies Pvt Ltd,179900.00,28.0,0.00,0.00,50372.00,50372.00,230272.00
PR_0032,INV/23-24/15032,2023-07-19,32AAACA7788L1ZA,Apollo Tyres Ltd,397100.00,28.0,0.00,0.00,111188.00,111188.00,508288.00
PR_0033,INV/23-24/15033,2024-01-09,27AAACL0123M1Z8,Larsen & Toubro Ltd,322700.00,12.0,19362.00,19362.00,0.00,38724.00,361424.00
PR_0034,INV/23-24/15034,2023-06-14,27AAACM8890K1Z1,Mahindra & Mahindra Logistics Pvt Ltd,422600.00,12.0,25356.00,25356.00,0.00,50712.00,473312.00
PR_0035,INV/23-24/15035,2023-12-19,29AAGCB1234K1ZY,Swiggy Bundl Technologies Pvt Ltd,396300.00,5.0,0.00,0.00,19815.00,19815.00,416115.00
PR_0036,INV/23-24/15036,2024-02-15,27AABCR1234D1ZA,Reliance Retail Private Limited,207300.00,12.0,12438.00,12438.00,0.00,24876.00,232176.00
PR_0037,INV/23-24/15037,2023-07-25,29AAGCB1234K1ZY,Swiggy Bundl Technologies Pvt Ltd,301300.00,28.0,0.00,0.00,84364.00,84364.00,385664.00
PR_0038,INV/23-24/15038,2023-11-08,27AAACH1111B1Z2,Hindustan Unilever Ltd,53800.00,28.0,7532.00,7532.00,0.00,15064.00,68864.00
PR_0039,INV/23-24/15039,2023-04-15,29AAACI4567A1Z3,Infosys Limited,328200.00,18.0,0.00,0.00,59076.00,59076.00,387276.00
PR_0040,INV/23-24/15040,2023-11-17,27AAACG9876E1Z9,Godrej Consumer Products Ltd,325100.00,18.0,29259.00,29259.00,0.00,58518.00,383618.00
PR_0041,INV/23-24/15041,2023-12-02,27AAACC5544E1ZO,Cipla Limited,109300.00,12.0,6558.00,6558.00,0.00,13116.00,122416.00
PR_0042,INV/23-24/15042,2023-08-02,27AAACC5544E1ZO,Cipla Limited,133800.00,28.0,18732.00,18732.00,0.00,37464.00,171264.00
PR_0043,INV/23-24/15043,2023-05-09,27AAACC5544E1ZO,Cipla Limited,412200.00,18.0,37098.00,37098.00,0.00,74196.00,486396.00
PR_0044,INV/23-24/15044,2023-05-04,07AAACD5566T1ZE,Dabur India Limited,346800.00,5.0,0.00,0.00,17340.00,17340.00,364140.00
PR_0045,INV/23-24/15045,2024-02-23,24AAACA3322C1ZK,Adani Enterprises Ltd,124200.00,5.0,0.00,0.00,6210.00,6210.00,130410.00
PR_0046,INV/23-24/15046,2023-10-19,29AAACI4567A1Z3,Infosys Limited,232200.00,18.0,0.00,0.00,41796.00,41796.00,273996.00
PR_0047,INV/23-24/15047,2023-09-03,27AAACH1111B1Z2,Hindustan Unilever Ltd,284700.00,28.0,39858.00,39858.00,0.00,79716.00,364416.00
PR_0048,INV/23-24/15048,2023-11-27,24AAACA3322C1ZK,Adani Enterprises Ltd,257400.00,18.0,0.00,0.00,46332.00,46332.00,303732.00
PR_0049,INV/23-24/15049,2024-03-18,06AAACM9900N1ZG,Maruti Suzuki India Ltd,321200.00,28.0,0.00,0.00,89936.00,89936.00,411136.00
PR_0050,INV/23-24/15050,2023-09-20,24AAACS4433D1ZM,Sun Pharmaceutical Industries Ltd,389400.00,12.0,0.00,0.00,46728.00,46728.00,436128.00
PR_0051,INV/23-24/15051,2023-12-29,27AABCR1234D1ZA,Reliance Retail Private Limited,285500.00,28.0,39970.00,39970.00,0.00,79940.00,365440.00
PR_0052,INV/23-24/15052,2024-02-17,06AAACM9900N1ZG,Maruti Suzuki India Ltd,211100.00,5.0,0.00,0.00,10555.00,10555.00,221655.00
PR_0053,INV/23-24/15053,2024-01-30,27AAACH1111B1Z2,Hindustan Unilever Ltd,241700.00,18.0,21753.00,21753.00,0.00,43506.00,285206.00
PR_0054,INV/23-24/15054,2023-09-13,06AAACM9900N1ZG,Maruti Suzuki India Ltd,261400.00,12.0,0.00,0.00,31368.00,31368.00,292768.00
PR_0055,INV/23-24/15055,2023-09-04,29AAACW1122J1Z7,Wipro Technologies Pvt Ltd,290500.00,12.0,0.00,0.00,34860.00,34860.00,325360.00
PR_0056,INV/23-24/15056,2024-03-12,27AAACG9876E1Z9,Godrej Consumer Products Ltd,429000.00,18.0,38610.00,38610.00,0.00,77220.00,506220.00
PR_0057,INV/23-24/15057,2024-02-01,07AAACD5566T1ZE,Dabur India Limited,221100.00,18.0,0.00,0.00,39798.00,39798.00,260898.00
PR_0058,INV/23-24/15058,2024-03-18,07AAACD5566T1ZE,Dabur India Limited,119000.00,12.0,0.00,0.00,14280.00,14280.00,133280.00
PR_0059,INV/23-24/15059,2024-03-30,27AAACA0001F1Z4,Asian Paints Limited,301100.00,12.0,18066.00,18066.00,0.00,36132.00,337232.00
PR_0060,INV/23-24/15060,2023-11-23,24AAACA3322C1ZK,Adani Enterprises Ltd,172400.00,18.0,0.00,0.00,31032.00,31032.00,203432.00
PR_0061,INV/23-24/15061,2023-08-28,24AAACS4433D1ZM,Sun Pharmaceutical Industries Ltd,101000.00,12.0,0.00,0.00,12120.00,12120.00,113120.00
PR_0062,INV/23-24/15062,2024-02-01,19AAACB6655F1ZQ,Britannia Industries Ltd,173500.00,12.0,0.00,0.00,20820.00,20820.00,194320.00
PR_0063,INV/23-24/15063,2024-02-26,19AAACB6655F1ZQ,Britannia Industries Ltd,154900.00,18.0,0.00,0.00,27882.00,27882.00,182782.00
PR_0064,INV/23-24/15064,2023-10-18,32AAACA7788L1ZA,Apollo Tyres Ltd,206200.00,18.0,0.00,0.00,37116.00,37116.00,243316.00
PR_0065,INV/23-24/15065,2023-11-22,32AAACA7788L1ZA,Apollo Tyres Ltd,470400.00,18.0,0.00,0.00,84672.00,84672.00,555072.00
PR_0066,INV/23-24/15066,2023-08-09,24AAACA3322C1ZK,Adani Enterprises Ltd,124800.00,18.0,0.00,0.00,22464.00,22464.00,147264.00
PR_0067,INV/23-24/15067,2023-06-03,27AAACC5544E1ZO,Cipla Limited,211800.00,5.0,5295.00,5295.00,0.00,10590.00,222390.00
PR_0068,INV/23-24/15068,2023-05-05,27AAACB0002G1Z6,Bharat Petroleum Corp Ltd,7600.00,28.0,1064.00,1064.00,0.00,2128.00,9728.00
PR_0069,INV/23-24/15069,2023-11-19,27AAACG9876E1Z9,Godrej Consumer Products Ltd,410500.00,18.0,36945.00,36945.00,0.00,73890.00,484390.00
PR_0070,INV/23-24/15070,2024-01-16,24AAACA3322C1ZK,Adani Enterprises Ltd,423700.00,18.0,0.00,0.00,76266.00,76266.00,499966.00
PR_0071,INV/23-24/15071,2023-04-27,07AAACD5566T1ZE,Dabur India Limited,222600.00,12.0,0.00,0.00,26712.00,26712.00,249312.00
PR_0072,INV/23-24/15072,2023-05-26,07AAACD5566T1ZE,Dabur India Limited,492600.00,28.0,0.00,0.00,137928.00,137928.00,630528.00
PR_0073,INV/23-24/15073,2023-09-08,32AAACA7788L1ZA,Apollo Tyres Ltd,321900.00,28.0,0.00,0.00,90132.00,90132.00,412032.00
PR_0074,INV/23-24/15074,2023-10-03,27AAACM8890K1Z1,Mahindra & Mahindra Logistics Pvt Ltd,105600.00,12.0,6336.00,6336.00,0.00,12672.00,118272.00
PR_0075,INV/23-24/15075,2023-05-06,29AAGCB1234K1ZY,Swiggy Bundl Technologies Pvt Ltd,38600.00,5.0,0.00,0.00,1930.00,1930.00,40530.00
PR_0076,INV/23-24/15076,2023-12-31,27AAACH1111B1Z2,Hindustan Unilever Ltd,454300.00,5.0,11357.50,11357.50,0.00,22715.00,477015.00
PR_0077,INV/23-24/15077,2024-03-17,27AAACH1111B1Z2,Hindustan Unilever Ltd,83500.00,12.0,5010.00,5010.00,0.00,10020.00,93520.00
PR_0078,INV/23-24/15078,2024-03-04,07AAACD5566T1ZE,Dabur India Limited,37700.00,12.0,0.00,0.00,4524.00,4524.00,42224.00
PR_0079,INV/23-24/15079,2023-05-28,24AAACS4433D1ZM,Sun Pharmaceutical Industries Ltd,13000.00,5.0,0.00,0.00,650.00,650.00,13650.00
PR_0080,INV/23-24/15080,2023-11-07,07AAACH2233P1ZC,Havells India Limited,237800.00,18.0,0.00,0.00,42804.00,42804.00,280604.00
PR_0081,INV/23-24/15081,2024-02-11,29AAACW1122J1Z7,Wipro Technologies Pvt Ltd,185500.00,12.0,0.00,0.00,22260.00,22260.00,207760.00
PR_0082,INV/23-24/15082,2023-09-29,27AAACC5544E1ZO,Cipla Limited,457700.00,18.0,41193.00,41193.00,0.00,82386.00,540086.00
PR_0083,INV/23-24/15083,2024-01-09,29AAACW1122J1Z7,Wipro Technologies Pvt Ltd,23800.00,12.0,0.00,0.00,2856.00,2856.00,26656.00
PR_0084,INV/23-24/15084,2023-06-27,24AAACS4433D1ZM,Sun Pharmaceutical Industries Ltd,185100.00,18.0,0.00,0.00,33318.00,33318.00,218418.00
PR_0085,INV/23-24/15085,2024-02-10,27AAACB0002G1Z6,Bharat Petroleum Corp Ltd,448700.00,12.0,26922.00,26922.00,0.00,53844.00,502544.00
PR_0086,INV/23-24/15086,2024-01-18,27AAACT2727Q1ZW,Tata Consultancy Services Ltd,79600.00,12.0,4776.00,4776.00,0.00,9552.00,89152.00
PR_0087,INV/23-24/15087,2023-06-03,07AAACZ9988J1ZW,Zomato Private Limited,403300.00,18.0,0.00,0.00,72594.00,72594.00,475894.00
PR_0088,INV/23-24/15088,2023-07-23,27AAACL0123M1Z8,Larsen & Toubro Ltd,337900.00,12.0,20274.00,20274.00,0.00,40548.00,378448.00
PR_0089,INV/23-24/15089,2023-06-28,29AAACW1122J1Z7,Wipro Technologies Pvt Ltd,140600.00,28.0,0.00,0.00,39368.00,39368.00,179968.00
PR_0090,INV/23-24/15090,2023-04-02,29AAACW1122J1Z7,Wipro Technologies Pvt Ltd,92900.00,18.0,0.00,0.00,16722.00,16722.00,109622.00
PR_0091,INV/23-24/15091,2024-01-22,29AAACW1122J1Z7,Wipro Technologies Pvt Ltd,361500.00,18.0,0.00,0.00,65070.00,65070.00,426570.00
PR_0092,INV/23-24/15092,2023-07-19,27AAACC5544E1ZO,Cipla Limited,370400.00,28.0,51856.00,51856.00,0.00,103712.00,474112.00
PR_0093,INV/23-24/15093,2023-10-27,29AAACW1122J1Z7,Wipro Technologies Pvt Ltd,72100.00,5.0,0.00,0.00,3605.00,3605.00,75705.00
PR_0094,INV/23-24/15094,2023-06-16,07AAACH8877H1ZU,Hero MotoCorp Ltd,367500.00,28.0,0.00,0.00,102900.00,102900.00,470400.00
PR_0095,INV/23-24/15095,2023-04-12,07AAACZ9988J1ZW,Zomato Private Limited,316400.00,28.0,0.00,0.00,88592.00,88592.00,404992.00
PR_0096,INV/23-24/15096,2024-03-10,24AAACA3322C1ZK,Adani Enterprises Ltd,173000.00,18.0,0.00,0.00,31140.00,31140.00,204140.00
PR_0097,INV/23-24/15097,2023-09-23,32AAACA7788L1ZA,Apollo Tyres Ltd,434200.00,28.0,0.00,0.00,121576.00,121576.00,555776.00
PR_0098,INV/23-24/15098,2023-12-16,07AAACH2233P1ZC,Havells India Limited,413800.00,5.0,0.00,0.00,20690.00,20690.00,434490.00
PR_0099,INV/23-24/15099,2024-02-05,27AAACC5544E1ZO,Cipla Limited,367200.00,28.0,51408.00,51408.00,0.00,102816.00,470016.00
PR_0100,INV/23-24/15100,2024-03-26,27AAACG9876E1Z9,Godrej Consumer Products Ltd,123300.00,18.0,11097.00,11097.00,0.00,22194.00,145494.00
PR_0101,INV/23-24/15101,2023-10-24,27AAACC5544E1ZO,Cipla Limited,142900.00,28.0,20006.00,20006.00,0.00,40012.00,182912.00
PR_0102,INV/23-24/15102,2023-09-28,27AAACG9876E1Z9,Godrej Consumer Products Ltd,262400.00,12.0,15744.00,15744.00,0.00,31488.00,293888.00
PR_0103,INV/23-24/15103,2023-08-27,27AAACB0002G1Z6,Bharat Petroleum Corp Ltd,208700.00,18.0,18783.00,18783.00,0.00,37566.00,246266.00
PR_0104,INV/23-24/15104,2024-03-17,27AAACB0002G1Z6,Bharat Petroleum Corp Ltd,24800.00,28.0,3472.00,3472.00,0.00,6944.00,31744.00
PR_0105,INV/23-24/15105,2023-11-18,24AAACS4433D1ZM,Sun Pharmaceutical Industries Ltd,57900.00,12.0,0.00,0.00,6948.00,6948.00,64848.00
PR_0106,INV/23-24/15106,2023-10-13,27AAACB0002G1Z6,Bharat Petroleum Corp Ltd,299500.00,18.0,26955.00,26955.00,0.00,53910.00,353410.00
PR_0107,INV/23-24/15107,2023-11-15,27AAACT2727Q1ZW,Tata Consultancy Services Ltd,362400.00,28.0,50736.00,50736.00,0.00,101472.00,463872.00
PR_0108,INV/23-24/15108,2023-08-09,07AAACD5566T1ZE,Dabur India Limited,363200.00,5.0,0.00,0.00,18160.00,18160.00,381360.00
PR_0109,INV/23-24/15109,2023-10-05,27AAACU3344R1Z0,UltraTech Cement Ltd,225400.00,12.0,13524.00,13524.00,0.00,27048.00,252448.00
PR_0110,INV/23-24/15110,2023-06-26,27AAACH1111B1Z2,Hindustan Unilever Ltd,134500.00,28.0,18830.00,18830.00,0.00,37660.00,172160.00
PR_0111,INV/23-24/15111,2023-10-13,29AAACW1122J1Z7,Wipro Technologies Pvt Ltd,34700.00,12.0,0.00,0.00,4164.00,4164.00,38864.00
PR_0112,INV/23-24/15112,2023-05-17,27AAACU3344R1Z0,UltraTech Cement Ltd,192200.00,5.0,4805.00,4805.00,0.00,9610.00,201810.00
PR_0113,INV/23-24/15113,2024-02-10,07AAACH8877H1ZU,Hero MotoCorp Ltd,80600.00,12.0,0.00,0.00,9672.00,9672.00,90272.00
PR_0114,INV/23-24/15114,2023-05-11,07AAACH8877H1ZU,Hero MotoCorp Ltd,210100.00,5.0,0.00,0.00,10505.00,10505.00,220605.00
PR_0115,INV/23-24/15115,2023-06-16,06AAACM9900N1ZG,Maruti Suzuki India Ltd,376100.00,18.0,0.00,0.00,67698.00,67698.00,443798.00
PR_0116,INV/23-24/15116,2023-08-21,27AAACA0001F1Z4,Asian Paints Limited,362000.00,12.0,21720.00,21720.00,0.00,43440.00,405440.00
PR_0117,INV/23-24/15117,2023-06-25,29AAACW1122J1Z7,Wipro Technologies Pvt Ltd,260200.00,28.0,0.00,0.00,72856.00,72856.00,333056.00
PR_0118,INV/23-24/15118,2023-05-18,06AAACM9900N1ZG,Maruti Suzuki India Ltd,194900.00,5.0,0.00,0.00,9745.00,9745.00,204645.00
PR_0119,INV/23-24/15119,2024-03-01,27AAACC5544E1ZO,Cipla Limited,474000.00,5.0,11850.00,11850.00,0.00,23700.00,497700.00
PR_0120,INV/23-24/15120,2024-01-06,07AAACZ9988J1ZW,Zomato Private Limited,241100.00,12.0,0.00,0.00,28932.00,28932.00,270032.00
PR_0121,INV/23-24/15121,2023-07-30,32AAACA7788L1ZA,Apollo Tyres Ltd,142500.00,28.0,0.00,0.00,39900.00,39900.00,182400.00
PR_0122,INV/23-24/15122,2024-03-30,27AAACT2727Q1ZW,Tata Consultancy Services Ltd,498600.00,12.0,29916.00,29916.00,0.00,59832.00,558432.00
PR_0123,INV/23-24/15123,2023-08-16,27AABCR1234D1ZA,Reliance Retail Private Limited,88100.00,5.0,2202.50,2202.50,0.00,4405.00,92505.00
PR_0124,INV/23-24/15124,2024-01-09,27AAACB2345H1Z5,Bajaj Electricals Ltd,383900.00,5.0,9597.50,9597.50,0.00,19195.00,403095.00
PR_0125,INV/23-24/15125,2023-06-18,29AAGCB1234K1ZY,Swiggy Bundl Technologies Pvt Ltd,151500.00,18.0,0.00,0.00,27270.00,27270.00,178770.00
PR_0126,INV/23-24/15126,2023-04-05,24AAACA3322C1ZK,Adani Enterprises Ltd,206200.00,12.0,0.00,0.00,24744.00,24744.00,230944.00
PR_0127,INV/23-24/15127,2023-12-19,07AAACH2233P1ZC,Havells India Limited,228000.00,12.0,0.00,0.00,27360.00,27360.00,255360.00
PR_0128,INV/23-24/15128,2023-06-09,27AAACT2727Q1ZW,Tata Consultancy Services Ltd,327600.00,5.0,8190.00,8190.00,0.00,16380.00,343980.00
PR_0129,INV/23-24/15129,2023-06-19,27AAACB2345H1Z5,Bajaj Electricals Ltd,389200.00,5.0,9730.00,9730.00,0.00,19460.00,408660.00
PR_0130,INV/23-24/15130,2024-01-19,27AAACM8890K1Z1,Mahindra & Mahindra Logistics Pvt Ltd,305800.00,12.0,18348.00,18348.00,0.00,36696.00,342496.00
PR_0131,INV/23-24/15131,2023-11-19,27AAACH1111B1Z2,Hindustan Unilever Ltd,206300.00,28.0,28882.00,28882.00,0.00,57764.00,264064.00
PR_0132,INV/23-24/15132,2023-06-22,27AAACB2345H1Z5,Bajaj Electricals Ltd,208300.00,5.0,5207.50,5207.50,0.00,10415.00,218715.00
PR_0133,INV/23-24/15133,2023-10-11,19AAACB6655F1ZQ,Britannia Industries Ltd,59900.00,5.0,0.00,0.00,2995.00,2995.00,62895.00
PR_0134,INV/23-24/15134,2023-11-22,27AAACM8890K1Z1,Mahindra & Mahindra Logistics Pvt Ltd,240200.00,5.0,6005.00,6005.00,0.00,12010.00,252210.00
PR_0135,INV/23-24/15135,2024-01-07,06AAACM9900N1ZG,Maruti Suzuki India Ltd,328500.00,28.0,0.00,0.00,91980.00,91980.00,420480.00
PR_0136,INV/23-24/15136,2023-11-25,24AAACA3322C1ZK,Adani Enterprises Ltd,435100.00,28.0,0.00,0.00,121828.00,121828.00,556928.00
PR_0137,INV/23-24/15137,2023-10-25,19AAACB6655F1ZQ,Britannia Industries Ltd,478000.00,18.0,0.00,0.00,86040.00,86040.00,564040.00
PR_0138,INV/23-24/15138,2023-12-14,06AAACM9900N1ZG,Maruti Suzuki India Ltd,141700.00,28.0,0.00,0.00,39676.00,39676.00,181376.00
PR_0139,INV/23-24/15139,2023-07-15,32AAACA7788L1ZA,Apollo Tyres Ltd,34800.00,12.0,0.00,0.00,4176.00,4176.00,38976.00
PR_0140,INV/23-24/15140,2023-05-30,27AABCR1234D1ZA,Reliance Retail Private Limited,249400.00,18.0,22446.00,22446.00,0.00,44892.00,294292.00
PR_0141,INV/23-24/15141,2023-10-10,27AAACC5544E1ZO,Cipla Limited,318400.00,28.0,44576.00,44576.00,0.00,89152.00,407552.00
PR_0142,INV/23-24/15142,2023-09-09,27AAACA0001F1Z4,Asian Paints Limited,24500.00,18.0,2205.00,2205.00,0.00,4410.00,28910.00
PR_0143,INV/23-24/15143,2023-07-20,32AAACA7788L1ZA,Apollo Tyres Ltd,18100.00,12.0,0.00,0.00,2172.00,2172.00,20272.00
PR_0144,INV/23-24/15144,2024-01-28,07AAACD5566T1ZE,Dabur India Limited,373500.00,12.0,0.00,0.00,44820.00,44820.00,418320.00
PR_0145,INV/23-24/15145,2023-10-20,29AAGCB1234K1ZY,Swiggy Bundl Technologies Pvt Ltd,252300.00,12.0,0.00,0.00,30276.00,30276.00,282576.00
PR_0146,INV/23-24/15146,2023-11-11,27AAACM8890K1Z1,Mahindra & Mahindra Logistics Pvt Ltd,191000.00,5.0,4775.00,4775.00,0.00,9550.00,200550.00
PR_0147,INV/23-24/15147,2023-11-25,27AAACH1111B1Z2,Hindustan Unilever Ltd,332000.00,28.0,46480.00,46480.00,0.00,92960.00,424960.00
PR_0148,INV/23-24/15148,2023-07-14,07AAACH8877H1ZU,Hero MotoCorp Ltd,309300.00,28.0,0.00,0.00,86604.00,86604.00,395904.00
PR_0149,INV/23-24/15149,2023-04-27,29AAACT6677K1Z8,Titan Company Ltd,345600.00,12.0,0.00,0.00,41472.00,41472.00,387072.00
PR_0150,INV/23-24/15150,2023-08-30,29AAACW1122J1Z7,Wipro Technologies Pvt Ltd,87900.00,12.0,0.00,0.00,10548.00,10548.00,98448.00
PR_0151,INV/23-24/15151,2023-11-25,27AAACU3344R1Z0,UltraTech Cement Ltd,292100.00,5.0,7302.50,7302.50,0.00,14605.00,306705.00
PR_0152,INV/23-24/15152,2024-02-01,27AAACB0002G1Z6,Bharat Petroleum Corp Ltd,68900.00,28.0,9646.00,9646.00,0.00,19292.00,88192.00
PR_0153,INV/23-24/15153,2024-01-08,27AAACA0001F1Z4,Asian Paints Limited,424800.00,18.0,38232.00,38232.00,0.00,76464.00,501264.00
PR_0154,INV/23-24/15154,2023-05-05,32AAACA7788L1ZA,Apollo Tyres Ltd,397700.00,5.0,0.00,0.00,19885.00,19885.00,417585.00
PR_0155,INV/23-24/15155,2023-09-06,27AAACU3344R1Z0,UltraTech Cement Ltd,163400.00,18.0,14706.00,14706.00,0.00,29412.00,192812.00
PR_0156,INV/23-24/15156,2023-05-22,06AAACM9900N1ZG,Maruti Suzuki India Ltd,14000.00,12.0,0.00,0.00,1680.00,1680.00,15680.00
PR_0157,INV/23-24/15157,2023-04-13,27AAACM8890K1Z1,Mahindra & Mahindra Logistics Pvt Ltd,54000.00,18.0,4860.00,4860.00,0.00,9720.00,63720.00
PR_0158,INV/23-24/15158,2023-11-16,19AAACB6655F1ZQ,Britannia Industries Ltd,24700.00,18.0,0.00,0.00,4446.00,4446.00,29146.00
PR_0159,INV/23-24/15159,2023-09-25,27AAACB0002G1Z6,Bharat Petroleum Corp Ltd,382000.00,18.0,34380.00,34380.00,0.00,68760.00,450760.00
PR_0160,INV/23-24/15160,2023-10-06,27AAACC5544E1ZO,Cipla Limited,238400.00,18.0,21456.00,21456.00,0.00,42912.00,281312.00
PR_0161,INV/23-24/15161,2023-12-06,29AAACI4567A1Z3,Infosys Limited,364100.00,5.0,0.00,0.00,18205.00,18205.00,382305.00
PR_0162,INV/23-24/15162,2024-01-15,07AAACD5566T1ZE,Dabur India Limited,453900.00,5.0,0.00,0.00,22695.00,22695.00,476595.00
PR_0163,INV/23-24/15163,2023-10-11,06AAACM9900N1ZG,Maruti Suzuki India Ltd,130600.00,5.0,0.00,0.00,6530.00,6530.00,137130.00
PR_0164,INV/23-24/15164,2023-06-13,07AAACH2233P1ZC,Havells India Limited,223800.00,28.0,0.00,0.00,62664.00,62664.00,286464.00
PR_0165,INV/23-24/15165,2024-02-10,27AAACM8890K1Z1,Mahindra & Mahindra Logistics Pvt Ltd,81300.00,12.0,4878.00,4878.00,0.00,9756.00,91056.00
PR_0166,INV/23-24/15166,2023-07-22,27AAACB0002G1Z6,Bharat Petroleum Corp Ltd,328000.00,18.0,29520.00,29520.00,0.00,59040.00,387040.00
PR_0167,INV/23-24/15167,2023-04-07,29AAACI4567A1Z3,Infosys Limited,253100.00,5.0,0.00,0.00,12655.00,12655.00,265755.00
PR_0168,INV/23-24/15168,2023-07-09,27AAACG9876E1Z9,Godrej Consumer Products Ltd,471300.00,28.0,65982.00,65982.00,0.00,131964.00,603264.00
PR_0169,INV/23-24/15169,2024-01-06,07AAACD5566T1ZE,Dabur India Limited,354700.00,12.0,0.00,0.00,42564.00,42564.00,397264.00
PR_0170,INV/23-24/15170,2023-04-01,24AAACS4433D1ZM,Sun Pharmaceutical Industries Ltd,177500.00,18.0,0.00,0.00,31950.00,31950.00,209450.00
PR_0171,INV/23-24/15171,2023-08-14,27AABCR1234D1ZA,Reliance Retail Private Limited,35600.00,12.0,2136.00,2136.00,0.00,4272.00,39872.00
PR_0172,INV/23-24/15172,2023-07-22,07AAACZ9988J1ZW,Zomato Private Limited,59100.00,28.0,0.00,0.00,16548.00,16548.00,75648.00
PR_0173,INV/23-24/15173,2023-05-29,29AAACT6677K1Z8,Titan Company Ltd,409200.00,12.0,0.00,0.00,49104.00,49104.00,458304.00
PR_0174,INV/23-24/15174,2024-02-10,27AABCR1234D1ZA,Reliance Retail Private Limited,285700.00,28.0,39998.00,39998.00,0.00,79996.00,365696.00
PR_0175,INV/23-24/15175,2023-08-11,07AAACZ9988J1ZW,Zomato Private Limited,389100.00,18.0,0.00,0.00,70038.00,70038.00,459138.00
PR_0176,INV/23-24/15176,2023-12-26,24AAACS4433D1ZM,Sun Pharmaceutical Industries Ltd,272400.00,18.0,0.00,0.00,49032.00,49032.00,321432.00
PR_0177,INV/23-24/15177,2023-08-04,27AAACM8890K1Z1,Mahindra & Mahindra Logistics Pvt Ltd,491400.00,18.0,44226.00,44226.00,0.00,88452.00,579852.00
PR_0178,INV/23-24/15178,2023-12-04,29AAACW1122J1Z7,Wipro Technologies Pvt Ltd,360400.00,5.0,0.00,0.00,18020.00,18020.00,378420.00
PR_0179,INV/23-24/15179,2023-09-01,27AAACH1111B1Z2,Hindustan Unilever Ltd,421800.00,18.0,37962.00,37962.00,0.00,75924.00,497724.00
PR_0180,INV/23-24/15180,2024-01-28,32AAACA7788L1ZA,Apollo Tyres Ltd,47000.00,28.0,0.00,0.00,13160.00,13160.00,60160.00
PR_0181,INV/23-24/15181,2023-06-15,27AAACA0001F1Z4,Asian Paints Limited,92200.00,18.0,8298.00,8298.00,0.00,16596.00,108796.00
PR_0182,INV/23-24/15182,2023-08-06,24AAACA3322C1ZK,Adani Enterprises Ltd,184300.00,12.0,0.00,0.00,22116.00,22116.00,206416.00
PR_0183,INV/23-24/15183,2024-03-23,29AAACT6677K1Z8,Titan Company Ltd,85700.00,12.0,0.00,0.00,10284.00,10284.00,95984.00
PR_0184,INV/23-24/15184,2023-10-22,24AAACA3322C1ZK,Adani Enterprises Ltd,343000.00,18.0,0.00,0.00,61740.00,61740.00,404740.00
PR_0185,INV/23-24/15185,2023-05-12,07AAACD5566T1ZE,Dabur India Limited,250000.00,18.0,0.00,0.00,45000.00,45000.00,295000.00
PR_0186,INV/23-24/15186,2024-03-05,29AAACW1122J1Z7,Wipro Technologies Pvt Ltd,399100.00,12.0,0.00,0.00,47892.00,47892.00,446992.00
PR_0187,INV/23-24/15187,2023-11-10,27AABCR1234D1ZA,Reliance Retail Private Limited,51600.00,18.0,4644.00,4644.00,0.00,9288.00,60888.00
PR_0188,INV/23-24/15188,2023-10-30,27AAACB0002G1Z6,Bharat Petroleum Corp Ltd,131100.00,28.0,18354.00,18354.00,0.00,36708.00,167808.00
PR_0189,INV/23-24/15189,2023-10-07,32AAACA7788L1ZA,Apollo Tyres Ltd,278400.00,5.0,0.00,0.00,13920.00,13920.00,292320.00
PR_0190,INV/23-24/15190,2023-12-06,27AAACL0123M1Z8,Larsen & Toubro Ltd,198000.00,18.0,17820.00,17820.00,0.00,35640.00,233640.00
PR_0191,INV/23-24/15191,2023-07-19,32AAACA7788L1ZA,Apollo Tyres Ltd,487000.00,28.0,0.00,0.00,136360.00,136360.00,623360.00
PR_0192,INV/23-24/15192,2023-08-25,27AAACB0002G1Z6,Bharat Petroleum Corp Ltd,197600.00,28.0,27664.00,27664.00,0.00,55328.00,252928.00
PR_0193,INV/23-24/15193,2023-06-21,29AAACW1122J1Z7,Wipro Technologies Pvt Ltd,280300.00,12.0,0.00,0.00,33636.00,33636.00,313936.00
PR_0194,INV/23-24/15194,2023-10-10,27AAACC5544E1ZO,Cipla Limited,491100.00,18.0,44199.00,44199.00,0.00,88398.00,579498.00
PR_0195,INV/23-24/15195,2023-05-13,27AABCR1234D1ZA,Reliance Retail Private Limited,72200.00,5.0,1805.00,1805.00,0.00,3610.00,75810.00
PR_0196,INV/23-24/15196,2024-01-02,07AAACZ9988J1ZW,Zomato Private Limited,127900.00,5.0,0.00,0.00,6395.00,6395.00,134295.00
PR_0197,INV/23-24/15197,2024-03-23,07AAACD5566T1ZE,Dabur India Limited,80600.00,28.0,0.00,0.00,22568.00,22568.00,103168.00
PR_0198,INV/23-24/15198,2023-04-02,19AAACB6655F1ZQ,Britannia Industries Ltd,47000.00,12.0,0.00,0.00,5640.00,5640.00,52640.00
PR_0199,INV/23-24/15199,2023-06-08,32AAACA7788L1ZA,Apollo Tyres Ltd,31700.00,12.0,0.00,0.00,3804.00,3804.00,35504.00
PR_0200,INV/23-24/15200,2024-03-07,27AAACA0001F1Z4,Asian Paints Limited,297600.00,18.0,26784.00,26784.00,0.00,53568.00,351168.00
PR_0201,INV/23-24/15201,2023-09-06,27AABCR1234D1ZA,Reliance Retail Private Limited,140300.00,5.0,3507.50,3507.50,0.00,7015.00,147315.00
PR_0202,INV/23-24/15202,2024-01-24,07AAACH2233P1ZC,Havells India Limited,36900.00,5.0,0.00,0.00,1845.00,1845.00,38745.00
PR_0203,INV/23-24/15203,2023-07-08,27AABCR1234D1ZA,Reliance Retail Private Limited,5100.00,5.0,127.50,127.50,0.00,255.00,5355.00
PR_0204,INV/23-24/15204,2023-05-26,27AAACB2345H1Z5,Bajaj Electricals Ltd,406700.00,28.0,56938.00,56938.00,0.00,113876.00,520576.00
PR_0205,INV/23-24/15205,2023-05-07,27AAACH1111B1Z2,Hindustan Unilever Ltd,435900.00,18.0,39231.00,39231.00,0.00,78462.00,514362.00
PR_0206,INV/23-24/15206,2023-05-04,27AAACC5544E1ZO,Cipla Limited,118500.00,18.0,10665.00,10665.00,0.00,21330.00,139830.00
PR_0207,INV/23-24/15207,2024-02-24,29AAACT6677K1Z8,Titan Company Ltd,133900.00,18.0,0.00,0.00,24102.00,24102.00,158002.00
PR_0208,INV/23-24/15208,2024-02-05,29AAGCB1234K1ZY,Swiggy Bundl Technologies Pvt Ltd,411600.00,5.0,0.00,0.00,20580.00,20580.00,432180.00
PR_0209,INV/23-24/15209,2023-10-19,29AAACW1122J1Z7,Wipro Technologies Pvt Ltd,31200.00,18.0,0.00,0.00,5616.00,5616.00,36816.00
PR_0210,INV/23-24/15210,2023-11-18,07AAACH2233P1ZC,Havells India Limited,392200.00,12.0,0.00,0.00,47064.00,47064.00,439264.00
PR_0211,INV/23-24/15211,2024-02-29,27AAACU3344R1Z0,UltraTech Cement Ltd,245500.00,18.0,22095.00,22095.00,0.00,44190.00,289690.00
PR_0212,INV/23-24/15212,2023-07-30,07AAACH8877H1ZU,Hero MotoCorp Ltd,347400.00,28.0,0.00,0.00,97272.00,97272.00,444672.00
PR_0213,INV/23-24/15213,2023-08-02,08AAACV7766G1ZS,Vedanta Resources Ltd,177400.00,18.0,0.00,0.00,31932.00,31932.00,209332.00
PR_0214,INV/23-24/15214,2023-04-19,29AAACT6677K1Z8,Titan Company Ltd,132100.00,12.0,0.00,0.00,15852.00,15852.00,147952.00
PR_0215,INV/23-24/15215,2023-05-31,27AABCR1234D1ZA,Reliance Retail Private Limited,486400.00,5.0,12160.00,12160.00,0.00,24320.00,510720.00
PR_0216,INV/23-24/15216,2023-06-04,27AAACM8890K1Z1,Mahindra & Mahindra Logistics Pvt Ltd,372700.00,5.0,9317.50,9317.50,0.00,18635.00,391335.00
PR_0217,INV/23-24/15217,2023-09-18,27AAACM8890K1Z1,Mahindra & Mahindra Logistics Pvt Ltd,236400.00,5.0,5910.00,5910.00,0.00,11820.00,248220.00
PR_0218,INV/23-24/15218,2023-08-01,07AAACH8877H1ZU,Hero MotoCorp Ltd,479500.00,18.0,0.00,0.00,86310.00,86310.00,565810.00
PR_0219,INV/23-24/15219,2023-10-27,07AAACH8877H1ZU,Hero MotoCorp Ltd,361600.00,28.0,0.00,0.00,101248.00,101248.00,462848.00
PR_0220,INV/23-24/15220,2023-11-29,27AAACL0123M1Z8,Larsen & Toubro Ltd,176800.00,18.0,15912.00,15912.00,0.00,31824.00,208624.00
PR_0221,INV/23-24/15221,2023-06-20,19AAACB6655F1ZQ,Britannia Industries Ltd,303300.00,5.0,0.00,0.00,15165.00,15165.00,318465.00
PR_0222,INV/23-24/15222,2023-05-04,27AAACB0002G1Z6,Bharat Petroleum Corp Ltd,287600.00,12.0,17256.00,17256.00,0.00,34512.00,322112.00
PR_0223,INV/23-24/15223,2023-10-17,29AAACI4567A1Z3,Infosys Limited,211500.00,5.0,0.00,0.00,10575.00,10575.00,222075.00
PR_0224,INV/23-24/15224,2024-03-03,27AAACB2345H1Z5,Bajaj Electricals Ltd,384700.00,28.0,53858.00,53858.00,0.00,107716.00,492416.00
PR_0225,INV/23-24/15225,2023-06-08,27AAACB0002G1Z6,Bharat Petroleum Corp Ltd,373300.00,18.0,33597.00,33597.00,0.00,67194.00,440494.00
PR_0226,INV/23-24/15226,2024-01-16,07AAACH2233P1ZC,Havells India Limited,262800.00,28.0,0.00,0.00,73584.00,73584.00,336384.00
PR_0227,INV/23-24/15227,2023-06-24,07AAACH8877H1ZU,Hero MotoCorp Ltd,11000.00,12.0,0.00,0.00,1320.00,1320.00,12320.00
PR_0228,INV/23-24/15228,2023-12-06,27AAACH1111B1Z2,Hindustan Unilever Ltd,81300.00,28.0,11382.00,11382.00,0.00,22764.00,104064.00
PR_0229,INV/23-24/15229,2023-06-11,07AAACH2233P1ZC,Havells India Limited,39400.00,12.0,0.00,0.00,4728.00,4728.00,44128.00
PR_0230,INV/23-24/15230,2023-07-13,29AAACW1122J1Z7,Wipro Technologies Pvt Ltd,232600.00,28.0,0.00,0.00,65128.00,65128.00,297728.00
PR_0231,INV/23-24/15231,2023-04-20,07AAACZ9988J1ZW,Zomato Private Limited,347300.00,12.0,0.00,0.00,41676.00,41676.00,388976.00
PR_0232,INV/23-24/15232,2024-03-30,29AAGCB1234K1ZY,Swiggy Bundl Technologies Pvt Ltd,300500.00,5.0,0.00,0.00,15025.00,15025.00,315525.00
PR_0233,INV/23-24/15233,2023-04-02,07AAACH2233P1ZC,Havells India Limited,281200.00,18.0,0.00,0.00,50616.00,50616.00,331816.00
PR_0234,INV/23-24/15234,2023-07-13,27AAACL0123M1Z8,Larsen & Toubro Ltd,415400.00,28.0,58156.00,58156.00,0.00,116312.00,531712.00
PR_0235,INV/23-24/15235,2024-03-14,27AAACG9876E1Z9,Godrej Consumer Products Ltd,277300.00,12.0,16638.00,16638.00,0.00,33276.00,310576.00
PR_0236,INV/23-24/15236,2023-10-18,08AAACV7766G1ZS,Vedanta Resources Ltd,439800.00,18.0,0.00,0.00,79164.00,79164.00,518964.00
PR_0237,INV/23-24/15237,2023-04-21,06AAACM9900N1ZG,Maruti Suzuki India Ltd,361300.00,12.0,0.00,0.00,43356.00,43356.00,404656.00
PR_0238,INV/23-24/15238,2023-11-20,29AAACT6677K1Z8,Titan Company Ltd,446300.00,18.0,0.00,0.00,80334.00,80334.00,526634.00
PR_0239,INV/23-24/15239,2023-10-26,27AAACA0001F1Z4,Asian Paints Limited,19600.00,18.0,1764.00,1764.00,0.00,3528.00,23128.00
PR_0240,INV/23-24/15240,2023-10-31,24AAACS4433D1ZM,Sun Pharmaceutical Industries Ltd,393700.00,5.0,0.00,0.00,19685.00,19685.00,413385.00
PR_0241,INV/23-24/15241,2024-01-28,29AAACT6677K1Z8,Titan Company Ltd,263100.00,12.0,0.00,0.00,31572.00,31572.00,294672.00
PR_0242,INV/23-24/15242,2023-09-01,29AAACW1122J1Z7,Wipro Technologies Pvt Ltd,221800.00,28.0,0.00,0.00,62104.00,62104.00,283904.00
PR_0243,INV/23-24/15243,2024-03-08,19AAACB6655F1ZQ,Britannia Industries Ltd,192900.00,5.0,0.00,0.00,9645.00,9645.00,202545.00
PR_0244,INV/23-24/15244,2023-08-14,24AAACS4433D1ZM,Sun Pharmaceutical Industries Ltd,328400.00,18.0,0.00,0.00,59112.00,59112.00,387512.00
PR_0245,INV/23-24/15245,2023-07-23,27AAACT2727Q1ZW,Tata Consultancy Services Ltd,38200.00,12.0,2292.00,2292.00,0.00,4584.00,42784.00
PR_0246,INV/23-24/15246,2023-04-02,29AAACT6677K1Z8,Titan Company Ltd,330200.00,12.0,0.00,0.00,39624.00,39624.00,369824.00
PR_0247,INV/23-24/15247,2023-08-19,07AAACD5566T1ZE,Dabur India Limited,67300.00,5.0,0.00,0.00,3365.00,3365.00,70665.00
PR_0248,INV/23-24/15248,2023-12-13,24AAACA3322C1ZK,Adani Enterprises Ltd,18300.00,28.0,0.00,0.00,5124.00,5124.00,23424.00
PR_0249,INV/23-24/15249,2024-03-05,07AAACZ9988J1ZW,Zomato Private Limited,496700.00,18.0,0.00,0.00,89406.00,89406.00,586106.00
PR_0250,INV/23-24/15250,2023-07-19,29AAACI4567A1Z3,Infosys Limited,480200.00,28.0,0.00,0.00,134456.00,134456.00,614656.00
PR_0251,INV/23-24/15251,2023-07-30,24AAACA3322C1ZK,Adani Enterprises Ltd,99900.00,18.0,0.00,0.00,17982.00,17982.00,117882.00
PR_0252,INV/23-24/15252,2024-01-05,27AAACB0002G1Z6,Bharat Petroleum Corp Ltd,150100.00,18.0,13509.00,13509.00,0.00,27018.00,177118.00
PR_0253,INV/23-24/15253,2024-03-16,19AAACB6655F1ZQ,Britannia Industries Ltd,16600.00,12.0,0.00,0.00,1992.00,1992.00,18592.00
PR_0254,INV/23-24/15254,2024-02-26,07AAACD5566T1ZE,Dabur India Limited,274300.00,5.0,0.00,0.00,13715.00,13715.00,288015.00
PR_0255,INV/23-24/15255,2023-05-21,29AAACW1122J1Z7,Wipro Technologies Pvt Ltd,21900.00,28.0,0.00,0.00,6132.00,6132.00,28032.00
PR_0256,INV/23-24/15256,2024-03-02,27AAACM8890K1Z1,Mahindra & Mahindra Logistics Pvt Ltd,143400.00,18.0,12906.00,12906.00,0.00,25812.00,169212.00
PR_0257,INV/23-24/15257,2023-06-22,27AAACA0001F1Z4,Asian Paints Limited,345400.00,18.0,31086.00,31086.00,0.00,62172.00,407572.00
PR_0258,INV/23-24/15258,2023-10-03,07AAACD5566T1ZE,Dabur India Limited,139200.00,12.0,0.00,0.00,16704.00,16704.00,155904.00
PR_0259,INV/23-24/15259,2024-01-03,27AAACL0123M1Z8,Larsen & Toubro Ltd,258500.00,18.0,23265.00,23265.00,0.00,46530.00,305030.00
PR_0260,INV/23-24/15260,2023-06-19,07AAACH8877H1ZU,Hero MotoCorp Ltd,67400.00,5.0,0.00,0.00,3370.00,3370.00,70770.00
PR_0261,INV/23-24/15261,2023-05-04,27AAACL0123M1Z8,Larsen & Toubro Ltd,201200.00,5.0,5030.00,5030.00,0.00,10060.00,211260.00
PR_0262,INV/23-24/15262,2023-05-29,29AAGCB1234K1ZY,Swiggy Bundl Technologies Pvt Ltd,151600.00,18.0,0.00,0.00,27288.00,27288.00,178888.00
PR_0263,INV/23-24/15263,2023-06-02,29AAGCB1234K1ZY,Swiggy Bundl Technologies Pvt Ltd,281500.00,28.0,0.00,0.00,78820.00,78820.00,360320.00
PR_0264,INV/23-24/15264,2023-06-02,06AAACM9900N1ZG,Maruti Suzuki India Ltd,423400.00,28.0,0.00,0.00,118552.00,118552.00,541952.00
PR_0265,INV/23-24/15265,2023-09-30,32AAACA7788L1ZA,Apollo Tyres Ltd,73200.00,18.0,0.00,0.00,13176.00,13176.00,86376.00
PR_0266,INV/23-24/15266,2023-10-16,27AABCR1234D1ZA,Reliance Retail Private Limited,149500.00,18.0,13455.00,13455.00,0.00,26910.00,176410.00
PR_0267,INV/23-24/15267,2024-02-12,27AAACG9876E1Z9,Godrej Consumer Products Ltd,19900.00,18.0,1791.00,1791.00,0.00,3582.00,23482.00
PR_0268,INV/23-24/15268,2023-06-23,29AAGCB1234K1ZY,Swiggy Bundl Technologies Pvt Ltd,56900.00,5.0,0.00,0.00,2845.00,2845.00,59745.00
PR_0269,INV/23-24/15269,2023-12-24,27AAACM8890K1Z1,Mahindra & Mahindra Logistics Pvt Ltd,136300.00,18.0,12267.00,12267.00,0.00,24534.00,160834.00
PR_0270,INV/23-24/15270,2024-02-18,07AAACH8877H1ZU,Hero MotoCorp Ltd,397100.00,12.0,0.00,0.00,47652.00,47652.00,444752.00
PR_0271,INV/23-24/15271,2023-10-17,27AAACU3344R1Z0,UltraTech Cement Ltd,283600.00,5.0,7090.00,7090.00,0.00,14180.00,297780.00
PR_0272,INV/23-24/15272,2023-12-19,29AAGCB1234K1ZY,Swiggy Bundl Technologies Pvt Ltd,89800.00,28.0,0.00,0.00,25144.00,25144.00,114944.00
PR_0273,INV/23-24/15273,2023-06-25,29AAGCB1234K1ZY,Swiggy Bundl Technologies Pvt Ltd,178900.00,28.0,0.00,0.00,50092.00,50092.00,228992.00
PR_0274,INV/23-24/15274,2024-03-23,27AAACC5544E1ZO,Cipla Limited,485300.00,28.0,67942.00,67942.00,0.00,135884.00,621184.00
PR_0275,INV/23-24/15275,2024-01-11,27AABCR1234D1ZA,Reliance Retail Private Limited,409900.00,12.0,24594.00,24594.00,0.00,49188.00,459088.00
PR_0276,INV/23-24/15276,2023-09-12,29AAGCB1234K1ZY,Swiggy Bundl Technologies Pvt Ltd,322200.00,28.0,0.00,0.00,90216.00,90216.00,412416.00
PR_0277,INV/23-24/15277,2023-04-22,19AAACB6655F1ZQ,Britannia Industries Ltd,168100.00,18.0,0.00,0.00,30258.00,30258.00,198358.00
PR_0278,INV/23-24/15278,2023-04-02,29AAACI4567A1Z3,Infosys Limited,159000.00,28.0,0.00,0.00,44520.00,44520.00,203520.00
PR_0279,INV/23-24/15279,2024-03-06,24AAACS4433D1ZM,Sun Pharmaceutical Industries Ltd,19000.00,18.0,0.00,0.00,3420.00,3420.00,22420.00
PR_0280,INV/23-24/15280,2023-04-04,27AAACU3344R1Z0,UltraTech Cement Ltd,345400.00,18.0,31086.00,31086.00,0.00,62172.00,407572.00
PR_0281,INV/23-24/15281,2023-06-08,07AAACH2233P1ZC,Havells India Limited,74800.00,28.0,0.00,0.00,20944.00,20944.00,95744.00
PR_0282,INV/23-24/15282,2023-06-09,27AAACL0123M1Z8,Larsen & Toubro Ltd,490600.00,5.0,12265.00,12265.00,0.00,24530.00,515130.00
PR_0283,INV/23-24/15283,2024-01-08,32AAACA7788L1ZA,Apollo Tyres Ltd,458400.00,28.0,0.00,0.00,128352.00,128352.00,586752.00
PR_0284,INV/23-24/15284,2024-02-14,07AAACZ9988J1ZW,Zomato Private Limited,103100.00,18.0,0.00,0.00,18558.00,18558.00,121658.00
PR_0285,INV/23-24/15285,2023-09-07,29AAACI4567A1Z3,Infosys Limited,206500.00,18.0,0.00,0.00,37170.00,37170.00,243670.00
PR_0286,INV/23-24/15286,2023-04-20,24AAACA3322C1ZK,Adani Enterprises Ltd,245300.00,28.0,0.00,0.00,68684.00,68684.00,313984.00
PR_0287,INV/23-24/15287,2024-03-06,27AAACL0123M1Z8,Larsen & Toubro Ltd,250900.00,5.0,6272.50,6272.50,0.00,12545.00,263445.00
PR_0288,INV/23-24/15288,2023-06-18,27AAACM8890K1Z1,Mahindra & Mahindra Logistics Pvt Ltd,315900.00,18.0,28431.00,28431.00,0.00,56862.00,372762.00
PR_0289,INV/23-24/15289,2023-05-09,27AAACH1111B1Z2,Hindustan Unilever Ltd,342500.00,18.0,30825.00,30825.00,0.00,61650.00,404150.00
PR_0290,INV/23-24/15290,2023-12-12,06AAACM9900N1ZG,Maruti Suzuki India Ltd,66500.00,18.0,0.00,0.00,11970.00,11970.00,78470.00
PR_0291,INV/23-24/15291,2023-04-12,27AAACA0001F1Z4,Asian Paints Limited,338300.00,18.0,30447.00,30447.00,0.00,60894.00,399194.00
PR_0292,INV/23-24/15292,2023-07-04,27AAACT2727Q1ZW,Tata Consultancy Services Ltd,273400.00,18.0,24606.00,24606.00,0.00,49212.00,322612.00
PR_0293,INV/23-24/15293,2023-12-25,07AAACH8877H1ZU,Hero MotoCorp Ltd,117500.00,5.0,0.00,0.00,5875.00,5875.00,123375.00
PR_0294,INV/23-24/15294,2023-05-29,27AAACC5544E1ZO,Cipla Limited,301900.00,5.0,7547.50,7547.50,0.00,15095.00,316995.00
PR_0295,INV/23-24/15295,2023-09-10,27AAACL0123M1Z8,Larsen & Toubro Ltd,278400.00,18.0,25056.00,25056.00,0.00,50112.00,328512.00
PR_0296,INV/23-24/15296,2023-07-18,27AAACL0123M1Z8,Larsen & Toubro Ltd,477100.00,12.0,28626.00,28626.00,0.00,57252.00,534352.00
PR_0297,INV/23-24/15297,2023-04-26,24AAACS4433D1ZM,Sun Pharmaceutical Industries Ltd,194600.00,5.0,0.00,0.00,9730.00,9730.00,204330.00
PR_0298,INV/23-24/15298,2024-01-03,27AAACH1111B1Z2,Hindustan Unilever Ltd,455700.00,18.0,41013.00,41013.00,0.00,82026.00,537726.00
PR_0299,INV/23-24/15299,2024-03-02,27AABCR1234D1ZA,Reliance Retail Private Limited,457400.00,18.0,41166.00,41166.00,0.00,82332.00,539732.00
PR_0300,INV/23-24/15300,2023-09-07,27AAACL0123M1Z8,Larsen & Toubro Ltd,38300.00,28.0,5362.00,5362.00,0.00,10724.00,49024.00
PR_0301,INV/23-24/15301,2023-08-16,07AAACD5566T1ZE,Dabur India Limited,278000.00,5.0,0.00,0.00,13900.00,13900.00,291900.00
PR_0302,INV/23-24/15302,2023-05-06,07AAACZ9988J1ZW,Zomato Private Limited,117100.00,5.0,0.00,0.00,5855.00,5855.00,122955.00
PR_0303,INV/23-24/15303,2023-12-01,27AAACL0123M1Z8,Larsen & Toubro Ltd,92500.00,5.0,2312.50,2312.50,0.00,4625.00,97125.00
PR_0304,INV/23-24/15304,2023-10-25,29AAACI4567A1Z3,Infosys Limited,300800.00,28.0,0.00,0.00,84224.00,84224.00,385024.00
PR_0305,INV/23-24/15305,2024-01-28,27AAACL0123M1Z8,Larsen & Toubro Ltd,135000.00,18.0,12150.00,12150.00,0.00,24300.00,159300.00
PR_0306,INV/23-24/15306,2023-09-19,24AAACA3322C1ZK,Adani Enterprises Ltd,72100.00,12.0,0.00,0.00,8652.00,8652.00,80752.00
PR_0307,INV/23-24/15307,2024-03-24,27AAACB2345H1Z5,Bajaj Electricals Ltd,471100.00,12.0,28266.00,28266.00,0.00,56532.00,527632.00
PR_0308,INV/23-24/15308,2023-07-21,27AAACL0123M1Z8,Larsen & Toubro Ltd,390200.00,5.0,9755.00,9755.00,0.00,19510.00,409710.00
PR_0309,INV/23-24/15309,2024-03-15,07AAACZ9988J1ZW,Zomato Private Limited,143700.00,12.0,0.00,0.00,17244.00,17244.00,160944.00
PR_0310,INV/23-24/15310,2023-04-03,06AAACM9900N1ZG,Maruti Suzuki India Ltd,339100.00,12.0,0.00,0.00,40692.00,40692.00,379792.00
PR_0311,INV/23-24/15311,2023-07-06,08AAACV7766G1ZS,Vedanta Resources Ltd,477400.00,18.0,0.00,0.00,85932.00,85932.00,563332.00
PR_0312,INV/23-24/15312,2023-11-07,32AAACA7788L1ZA,Apollo Tyres Ltd,53600.00,12.0,0.00,0.00,6432.00,6432.00,60032.00
PR_0313,INV/23-24/15313,2023-12-27,27AAACG9876E1Z9,Godrej Consumer Products Ltd,162600.00,28.0,22764.00,22764.00,0.00,45528.00,208128.00
PR_0314,INV/23-24/15314,2023-10-25,27AAACA0001F1Z4,Asian Paints Limited,116500.00,18.0,10485.00,10485.00,0.00,20970.00,137470.00
PR_0315,INV/23-24/15315,2023-08-26,24AAACS4433D1ZM,Sun Pharmaceutical Industries Ltd,478700.00,28.0,0.00,0.00,134036.00,134036.00,612736.00
PR_0316,INV/23-24/15316,2024-03-27,27AAACH1111B1Z2,Hindustan Unilever Ltd,107100.00,12.0,6426.00,6426.00,0.00,12852.00,119952.00
PR_0317,INV/23-24/15317,2023-04-01,07AAACD5566T1ZE,Dabur India Limited,412600.00,18.0,0.00,0.00,74268.00,74268.00,486868.00
PR_0318,INV/23-24/15318,2023-07-07,27AAACL0123M1Z8,Larsen & Toubro Ltd,488900.00,28.0,68446.00,68446.00,0.00,136892.00,625792.00
PR_0319,INV/23-24/15319,2024-01-21,07AAACZ9988J1ZW,Zomato Private Limited,110000.00,18.0,0.00,0.00,19800.00,19800.00,129800.00
PR_0320,INV/23-24/15320,2023-06-07,27AAACB2345H1Z5,Bajaj Electricals Ltd,208800.00,5.0,5220.00,5220.00,0.00,10440.00,219240.00
PR_0321,INV/23-24/15321,2023-08-06,07AAACH8877H1ZU,Hero MotoCorp Ltd,194100.00,5.0,0.00,0.00,9705.00,9705.00,203805.00
PR_0322,INV/23-24/15322,2024-03-16,07AAACZ9988J1ZW,Zomato Private Limited,64100.00,5.0,0.00,0.00,3205.00,3205.00,67305.00
PR_0323,INV/23-24/15323,2023-08-20,27AAACB0002G1Z6,Bharat Petroleum Corp Ltd,183600.00,12.0,11016.00,11016.00,0.00,22032.00,205632.00
PR_0324,INV/23-24/15324,2023-05-27,27AAACL0123M1Z8,Larsen & Toubro Ltd,177100.00,5.0,4427.50,4427.50,0.00,8855.00,185955.00
PR_0325,INV/23-24/15325,2023-09-22,27AAACT2727Q1ZW,Tata Consultancy Services Ltd,92600.00,28.0,12964.00,12964.00,0.00,25928.00,118528.00
PR_0326,INV/23-24/15326,2023-06-15,27AAACG9876E1Z9,Godrej Consumer Products Ltd,123200.00,28.0,17248.00,17248.00,0.00,34496.00,157696.00
PR_0327,INV/23-24/15327,2023-09-14,19AAACB6655F1ZQ,Britannia Industries Ltd,307000.00,5.0,0.00,0.00,15350.00,15350.00,322350.00
PR_0328,INV/23-24/15328,2024-03-14,07AAACD5566T1ZE,Dabur India Limited,430000.00,28.0,0.00,0.00,120400.00,120400.00,550400.00
PR_0329,INV/23-24/15329,2024-02-20,27AAACH1111B1Z2,Hindustan Unilever Ltd,170100.00,28.0,23814.00,23814.00,0.00,47628.00,217728.00
PR_0330,INV/23-24/15330,2023-09-28,27AAACM8890K1Z1,Mahindra & Mahindra Logistics Pvt Ltd,323800.00,12.0,19428.00,19428.00,0.00,38856.00,362656.00
PR_0331,INV/23-24/15331,2023-12-07,27AAACG9876E1Z9,Godrej Consumer Products Ltd,406300.00,12.0,24378.00,24378.00,0.00,48756.00,455056.00
PR_0332,INV/23-24/15332,2023-08-08,27AAACH1111B1Z2,Hindustan Unilever Ltd,45000.00,28.0,6300.00,6300.00,0.00,12600.00,57600.00
PR_0333,INV/23-24/15333,2023-06-21,27AAACT2727Q1ZW,Tata Consultancy Services Ltd,384700.00,28.0,53858.00,53858.00,0.00,107716.00,492416.00
PR_0334,INV/23-24/15334,2023-12-25,29AAACI4567A1Z3,Infosys Limited,380800.00,5.0,0.00,0.00,19040.00,19040.00,399840.00
PR_0335,INV/23-24/15335,2023-05-27,27AAACA0001F1Z4,Asian Paints Limited,343600.00,12.0,20616.00,20616.00,0.00,41232.00,384832.00
PR_0336,INV/23-24/15336,2023-08-22,27AAACA0001F1Z4,Asian Paints Limited,237100.00,12.0,14226.00,14226.00,0.00,28452.00,265552.00
PR_0337,INV/23-24/15337,2023-11-29,27AAACB2345H1Z5,Bajaj Electricals Ltd,16200.00,28.0,2268.00,2268.00,0.00,4536.00,20736.00
PR_0338,INV/23-24/15338,2023-11-19,29AAGCB1234K1ZY,Swiggy Bundl Technologies Pvt Ltd,485400.00,5.0,0.00,0.00,24270.00,24270.00,509670.00
PR_0339,INV/23-24/15339,2023-11-17,27AAACU3344R1Z0,UltraTech Cement Ltd,188700.00,18.0,16983.00,16983.00,0.00,33966.00,222666.00
PR_0340,INV/23-24/15340,2023-10-17,27AAACG9876E1Z9,Godrej Consumer Products Ltd,395600.00,18.0,35604.00,35604.00,0.00,71208.00,466808.00
PR_0341,INV/23-24/15341,2023-07-22,27AAACH1111B1Z2,Hindustan Unilever Ltd,398500.00,12.0,23910.00,23910.00,0.00,47820.00,446320.00
PR_0342,INV/23-24/15342,2023-07-30,29AAACT6677K1Z8,Titan Company Ltd,19000.00,12.0,0.00,0.00,2280.00,2280.00,21280.00
PR_0343,INV/23-24/15343,2023-07-22,19AAACB6655F1ZQ,Britannia Industries Ltd,320000.00,28.0,0.00,0.00,89600.00,89600.00,409600.00
PR_0344,INV/23-24/15344,2023-08-16,24AAACA3322C1ZK,Adani Enterprises Ltd,94900.00,12.0,0.00,0.00,11388.00,11388.00,106288.00
PR_0345,INV/23-24/15345,2023-08-18,27AAACU3344R1Z0,UltraTech Cement Ltd,85900.00,18.0,7731.00,7731.00,0.00,15462.00,101362.00
PR_0346,INV/23-24/15346,2023-04-11,08AAACV7766G1ZS,Vedanta Resources Ltd,335700.00,18.0,0.00,0.00,60426.00,60426.00,396126.00
PR_0347,INV/23-24/15347,2023-08-23,27AABCR1234D1ZA,Reliance Retail Private Limited,202600.00,5.0,5065.00,5065.00,0.00,10130.00,212730.00
PR_0348,INV/23-24/15348,2024-02-09,27AAACH1111B1Z2,Hindustan Unilever Ltd,460400.00,12.0,27624.00,27624.00,0.00,55248.00,515648.00
PR_0349,INV/23-24/15349,2023-12-27,24AAACS4433D1ZM,Sun Pharmaceutical Industries Ltd,412100.00,12.0,0.00,0.00,49452.00,49452.00,461552.00
PR_0350,INV/23-24/15350,2023-09-15,27AAACT2727Q1ZW,Tata Consultancy Services Ltd,21000.00,12.0,1260.00,1260.00,0.00,2520.00,23520.00
PR_0351,INV/23-24/15351,2023-09-22,29AAGCB1234K1ZY,Swiggy Bundl Technologies Pvt Ltd,470200.00,28.0,0.00,0.00,131656.00,131656.00,601856.00
PR_0352,INV/23-24/15352,2023-07-05,27AAACT2727Q1ZW,Tata Consultancy Services Ltd,163400.00,28.0,22876.00,22876.00,0.00,45752.00,209152.00
PR_0353,INV/23-24/15353,2023-08-07,07AAACZ9988J1ZW,Zomato Private Limited,353000.00,18.0,0.00,0.00,63540.00,63540.00,416540.00
PR_0354,INV/23-24/15354,2023-07-12,07AAACH8877H1ZU,Hero MotoCorp Ltd,485200.00,18.0,0.00,0.00,87336.00,87336.00,572536.00
PR_0355,INV/23-24/15355,2024-01-15,19AAACB6655F1ZQ,Britannia Industries Ltd,497800.00,28.0,0.00,0.00,139384.00,139384.00,637184.00
PR_0356,INV/23-24/15356,2023-10-12,24AAACS4433D1ZM,Sun Pharmaceutical Industries Ltd,83700.00,18.0,0.00,0.00,15066.00,15066.00,98766.00
PR_0357,INV/23-24/15357,2023-09-14,32AAACA7788L1ZA,Apollo Tyres Ltd,205600.00,12.0,0.00,0.00,24672.00,24672.00,230272.00
PR_0358,INV/23-24/15358,2023-11-28,29AAACI4567A1Z3,Infosys Limited,297300.00,18.0,0.00,0.00,53514.00,53514.00,350814.00
PR_0359,INV/23-24/15359,2023-09-18,29AAGCB1234K1ZY,Swiggy Bundl Technologies Pvt Ltd,441200.00,12.0,0.00,0.00,52944.00,52944.00,494144.00
PR_0360,INV/23-24/15360,2024-01-13,32AAACA7788L1ZA,Apollo Tyres Ltd,357900.00,12.0,0.00,0.00,42948.00,42948.00,400848.00
PR_0361,INV/23-24/15361,2024-01-15,27AAACT2727Q1ZW,Tata Consultancy Services Ltd,89500.00,5.0,2237.50,2237.50,0.00,4475.00,93975.00
PR_0362,INV/23-24/15362,2023-04-23,27AAACM8890K1Z1,Mahindra & Mahindra Logistics Pvt Ltd,341400.00,12.0,20484.00,20484.00,0.00,40968.00,382368.00
PR_0363,INV/23-24/15363,2023-12-30,27AAACG9876E1Z9,Godrej Consumer Products Ltd,342800.00,28.0,47992.00,47992.00,0.00,95984.00,438784.00
PR_0364,INV/23-24/15364,2024-03-14,07AAACZ9988J1ZW,Zomato Private Limited,89000.00,5.0,0.00,0.00,4450.00,4450.00,93450.00
PR_0365,INV/23-24/15365,2023-07-23,24AAACA3322C1ZK,Adani Enterprises Ltd,116100.00,28.0,0.00,0.00,32508.00,32508.00,148608.00
PR_0366,INV/23-24/15366,2023-10-07,07AAACZ9988J1ZW,Zomato Private Limited,183900.00,12.0,0.00,0.00,22068.00,22068.00,205968.00
PR_0367,INV/23-24/15367,2023-04-06,27AAACL0123M1Z8,Larsen & Toubro Ltd,215000.00,5.0,5375.00,5375.00,0.00,10750.00,225750.00
PR_0368,INV/23-24/15368,2023-08-22,24AAACS4433D1ZM,Sun Pharmaceutical Industries Ltd,103500.00,28.0,0.00,0.00,28980.00,28980.00,132480.00
PR_0369,INV/23-24/15369,2023-05-18,19AAACB6655F1ZQ,Britannia Industries Ltd,176200.00,28.0,0.00,0.00,49336.00,49336.00,225536.00
PR_0370,INV/23-24/15370,2023-05-18,07AAACH2233P1ZC,Havells India Limited,102300.00,12.0,0.00,0.00,12276.00,12276.00,114576.00
PR_0371,INV/23-24/15371,2023-11-30,27AAACC5544E1ZO,Cipla Limited,41100.00,12.0,2466.00,2466.00,0.00,4932.00,46032.00
PR_0372,INV/23-24/15372,2023-06-25,07AAACH8877H1ZU,Hero MotoCorp Ltd,448200.00,18.0,0.00,0.00,80676.00,80676.00,528876.00
PR_0373,INV/23-24/15373,2023-07-20,08AAACV7766G1ZS,Vedanta Resources Ltd,406000.00,5.0,0.00,0.00,20300.00,20300.00,426300.00
PR_0374,INV/23-24/15374,2023-05-16,07AAACD5566T1ZE,Dabur India Limited,86900.00,18.0,0.00,0.00,15642.00,15642.00,102542.00
PR_0375,INV/23-24/15375,2023-08-21,06AAACM9900N1ZG,Maruti Suzuki India Ltd,476500.00,12.0,0.00,0.00,57180.00,57180.00,533680.00
PR_0376,INV/23-24/15376,2023-09-30,27AAACT2727Q1ZW,Tata Consultancy Services Ltd,290800.00,28.0,40712.00,40712.00,0.00,81424.00,372224.00
PR_0377,INV/23-24/15377,2024-03-22,29AAGCB1234K1ZY,Swiggy Bundl Technologies Pvt Ltd,460700.00,28.0,0.00,0.00,128996.00,128996.00,589696.00
PR_0378,INV/23-24/15378,2024-02-16,27AAACB2345H1Z5,Bajaj Electricals Ltd,84800.00,5.0,2120.00,2120.00,0.00,4240.00,89040.00
PR_0379,INV/23-24/15379,2023-07-08,24AAACS4433D1ZM,Sun Pharmaceutical Industries Ltd,230400.00,5.0,0.00,0.00,11520.00,11520.00,241920.00
PR_0380,INV/23-24/15380,2023-04-24,27AAACB2345H1Z5,Bajaj Electricals Ltd,196800.00,12.0,11808.00,11808.00,0.00,23616.00,220416.00
PR_0381,INV/23-24/15381,2023-07-17,07AAACZ9988J1ZW,Zomato Private Limited,165400.00,12.0,0.00,0.00,19848.00,19848.00,185248.00
PR_0382,INV/23-24/15382,2023-11-22,27AAACG9876E1Z9,Godrej Consumer Products Ltd,246600.00,12.0,14796.00,14796.00,0.00,29592.00,276192.00
PR_0383,INV/23-24/15383,2024-02-11,29AAACI4567A1Z3,Infosys Limited,189800.00,28.0,0.00,0.00,53144.00,53144.00,242944.00
PR_0384,INV/23-24/15384,2023-07-14,27AAACM8890K1Z1,Mahindra & Mahindra Logistics Pvt Ltd,101500.00,5.0,2537.50,2537.50,0.00,5075.00,106575.00
PR_0385,INV/23-24/15385,2023-06-18,27AAACU3344R1Z0,UltraTech Cement Ltd,358700.00,18.0,32283.00,32283.00,0.00,64566.00,423266.00
PR_0386,INV/23-24/15386,2023-11-29,07AAACH8877H1ZU,Hero MotoCorp Ltd,135300.00,5.0,0.00,0.00,6765.00,6765.00,142065.00
PR_0387,INV/23-24/15387,2023-10-09,27AAACB0002G1Z6,Bharat Petroleum Corp Ltd,145300.00,5.0,3632.50,3632.50,0.00,7265.00,152565.00
PR_0388,INV/23-24/15388,2023-05-26,29AAACI4567A1Z3,Infosys Limited,349300.00,12.0,0.00,0.00,41916.00,41916.00,391216.00
PR_0389,INV/23-24/15389,2023-05-08,27AABCR1234D1ZA,Reliance Retail Private Limited,178400.00,12.0,10704.00,10704.00,0.00,21408.00,199808.00
PR_0390,INV/23-24/15390,2023-11-09,27AAACM8890K1Z1,Mahindra & Mahindra Logistics Pvt Ltd,93800.00,28.0,13132.00,13132.00,0.00,26264.00,120064.00
PR_0391,INV/23-24/15391,2024-03-31,29AAACW1122J1Z7,Wipro Technologies Pvt Ltd,223000.00,12.0,0.00,0.00,26760.00,26760.00,249760.00
PR_0392,INV/23-24/15392,2023-06-20,06AAACM9900N1ZG,Maruti Suzuki India Ltd,376100.00,18.0,0.00,0.00,67698.00,67698.00,443798.00
PR_0393,INV/23-24/15393,2023-11-04,27AAACC5544E1ZO,Cipla Limited,372800.00,12.0,22368.00,22368.00,0.00,44736.00,417536.00
PR_0394,INV/23-24/15394,2023-09-09,27AAACB2345H1Z5,Bajaj Electricals Ltd,233700.00,28.0,32718.00,32718.00,0.00,65436.00,299136.00
PR_0395,INV/23-24/15395,2023-07-10,27AAACC5544E1ZO,Cipla Limited,21400.00,12.0,1284.00,1284.00,0.00,2568.00,23968.00
PR_0396,INV/23-24/15396,2023-12-31,27AAACB0002G1Z6,Bharat Petroleum Corp Ltd,312600.00,18.0,28134.00,28134.00,0.00,56268.00,368868.00
PR_0397,INV/23-24/15397,2023-04-28,27AABCR1234D1ZA,Reliance Retail Private Limited,108800.00,5.0,2720.00,2720.00,0.00,5440.00,114240.00
PR_0398,INV/23-24/15398,2023-12-02,29AAACW1122J1Z7,Wipro Technologies Pvt Ltd,463800.00,5.0,0.00,0.00,23190.00,23190.00,486990.00
PR_0399,INV/23-24/15399,2023-12-22,19AAACB6655F1ZQ,Britannia Industries Ltd,48200.00,12.0,0.00,0.00,5784.00,5784.00,53984.00
PR_0400,INV/23-24/15400,2023-08-02,27AAACB2345H1Z5,Bajaj Electricals Ltd,108500.00,12.0,6510.00,6510.00,0.00,13020.00,121520.00
PR_0401,INV/23-24/15401,2024-01-01,29AAACI4567A1Z3,Infosys Limited,202800.00,5.0,0.00,0.00,10140.00,10140.00,212940.00
PR_0402,INV/23-24/15402,2023-08-12,07AAACH2233P1ZC,Havells India Limited,217700.00,5.0,0.00,0.00,10885.00,10885.00,228585.00
PR_0403,INV/23-24/15403,2023-04-23,07AAACH2233P1ZC,Havells India Limited,151000.00,12.0,0.00,0.00,18120.00,18120.00,169120.00
PR_0404,INV/23-24/15404,2023-06-11,07AAACD5566T1ZE,Dabur India Limited,173100.00,28.0,0.00,0.00,48468.00,48468.00,221568.00
PR_0405,INV/23-24/15405,2023-06-15,29AAACW1122J1Z7,Wipro Technologies Pvt Ltd,429300.00,5.0,0.00,0.00,21465.00,21465.00,450765.00
PR_0406,INV/23-24/15406,2023-11-03,27AAACC5544E1ZO,Cipla Limited,63500.00,28.0,8890.00,8890.00,0.00,17780.00,81280.00
PR_0407,INV/23-24/15407,2023-11-22,07AAACZ9988J1ZW,Zomato Private Limited,268600.00,5.0,0.00,0.00,13430.00,13430.00,282030.00
PR_0408,INV/23-24/15408,2023-04-16,27AAACB2345H1Z5,Bajaj Electricals Ltd,281600.00,18.0,25344.00,25344.00,0.00,50688.00,332288.00
PR_0409,INV/23-24/15409,2024-03-06,29AAACI4567A1Z3,Infosys Limited,27300.00,5.0,0.00,0.00,1365.00,1365.00,28665.00
PR_0410,INV/23-24/15410,2023-05-13,07AAACH8877H1ZU,Hero MotoCorp Ltd,29800.00,5.0,0.00,0.00,1490.00,1490.00,31290.00
PR_0411,INV/23-24/15411,2023-05-12,07AAACH2233P1ZC,Havells India Limited,484900.00,12.0,0.00,0.00,58188.00,58188.00,543088.00
PR_0412,INV/23-24/15412,2023-05-21,27AABCR1234D1ZA,Reliance Retail Private Limited,398800.00,12.0,23928.00,23928.00,0.00,47856.00,446656.00
PR_0413,INV/23-24/15413,2024-02-17,29AAACT6677K1Z8,Titan Company Ltd,51800.00,18.0,0.00,0.00,9324.00,9324.00,61124.00
PR_0414,INV/23-24/15414,2023-09-28,07AAACZ9988J1ZW,Zomato Private Limited,127600.00,5.0,0.00,0.00,6380.00,6380.00,133980.00
PR_0415,INV/23-24/15415,2023-12-15,07AAACH2233P1ZC,Havells India Limited,99300.00,28.0,0.00,0.00,27804.00,27804.00,127104.00
PR_0416,INV/23-24/15416,2023-08-12,19AAACB6655F1ZQ,Britannia Industries Ltd,244300.00,18.0,0.00,0.00,43974.00,43974.00,288274.00
PR_0417,INV/23-24/15417,2023-06-15,27AAACB2345H1Z5,Bajaj Electricals Ltd,452000.00,5.0,11300.00,11300.00,0.00,22600.00,474600.00
PR_0418,INV/23-24/15418,2023-12-08,27AAACC5544E1ZO,Cipla Limited,240200.00,28.0,33628.00,33628.00,0.00,67256.00,307456.00
PR_0419,INV/23-24/15419,2023-06-29,06AAACM9900N1ZG,Maruti Suzuki India Ltd,128300.00,5.0,0.00,0.00,6415.00,6415.00,134715.00
PR_0420,INV/23-24/15420,2024-02-13,29AAGCB1234K1ZY,Swiggy Bundl Technologies Pvt Ltd,415700.00,18.0,0.00,0.00,74826.00,74826.00,490526.00
PR_0421,INV/23-24/15421,2023-04-21,07AAACH2233P1ZC,Havells India Limited,389100.00,28.0,0.00,0.00,108948.00,108948.00,498048.00
PR_0422,INV/23-24/15422,2023-04-14,06AAACM9900N1ZG,Maruti Suzuki India Ltd,387800.00,28.0,0.00,0.00,108584.00,108584.00,496384.00
PR_0423,INV/23-24/15423,2024-03-04,29AAACI4567A1Z3,Infosys Limited,7200.00,5.0,0.00,0.00,360.00,360.00,7560.00
PR_0424,INV/23-24/15424,2023-09-24,27AAACH1111B1Z2,Hindustan Unilever Ltd,314500.00,12.0,18870.00,18870.00,0.00,37740.00,352240.00
PR_0425,INV/23-24/15425,2023-10-03,19AAACB6655F1ZQ,Britannia Industries Ltd,77600.00,18.0,0.00,0.00,13968.00,13968.00,91568.00
PR_0426,INV/23-24/15426,2023-06-16,07AAACZ9988J1ZW,Zomato Private Limited,439200.00,18.0,0.00,0.00,79056.00,79056.00,518256.00
PR_0427,INV/23-24/15427,2023-10-29,27AAACB0002G1Z6,Bharat Petroleum Corp Ltd,198100.00,5.0,4952.50,4952.50,0.00,9905.00,208005.00
PR_0428,INV/23-24/15428,2023-07-26,27AAACM8890K1Z1,Mahindra & Mahindra Logistics Pvt Ltd,424100.00,18.0,38169.00,38169.00,0.00,76338.00,500438.00
PR_0429,INV/23-24/15429,2023-10-05,07AAACH2233P1ZC,Havells India Limited,45100.00,18.0,0.00,0.00,8118.00,8118.00,53218.00
PR_0430,INV/23-24/15430,2023-10-10,27AAACA0001F1Z4,Asian Paints Limited,477500.00,12.0,28650.00,28650.00,0.00,57300.00,534800.00
PR_0431,INV/23-24/15431,2024-03-31,07AAACZ9988J1ZW,Zomato Private Limited,457600.00,5.0,0.00,0.00,22880.00,22880.00,480480.00
PR_0432,INV/23-24/15432,2023-10-26,29AAACI4567A1Z3,Infosys Limited,48400.00,28.0,0.00,0.00,13552.00,13552.00,61952.00
PR_0433,INV/23-24/15433,2024-02-03,27AAACG9876E1Z9,Godrej Consumer Products Ltd,341000.00,12.0,20460.00,20460.00,0.00,40920.00,381920.00
PR_0434,INV/23-24/15434,2023-04-09,27AAACC5544E1ZO,Cipla Limited,295800.00,28.0,41412.00,41412.00,0.00,82824.00,378624.00
PR_0435,INV/23-24/15435,2023-05-04,29AAGCB1234K1ZY,Swiggy Bundl Technologies Pvt Ltd,108000.00,12.0,0.00,0.00,12960.00,12960.00,120960.00
PR_0436,INV/23-24/15436,2023-06-02,29AAACI4567A1Z3,Infosys Limited,43400.00,18.0,0.00,0.00,7812.00,7812.00,51212.00
PR_0437,INV/23-24/15437,2023-06-03,27AAACB0002G1Z6,Bharat Petroleum Corp Ltd,438000.00,18.0,39420.00,39420.00,0.00,78840.00,516840.00
PR_0438,INV/23-24/15438,2024-02-15,24AAACA3322C1ZK,Adani Enterprises Ltd,219300.00,5.0,0.00,0.00,10965.00,10965.00,230265.00
PR_0439,INV/23-24/15439,2024-01-06,07AAACZ9988J1ZW,Zomato Private Limited,150300.00,18.0,0.00,0.00,27054.00,27054.00,177354.00
PR_0440,INV/23-24/15440,2023-12-21,32AAACA7788L1ZA,Apollo Tyres Ltd,208900.00,28.0,0.00,0.00,58492.00,58492.00,267392.00
PR_0441,INV/23-24/15441,2023-12-27,27AAACG9876E1Z9,Godrej Consumer Products Ltd,158700.00,28.0,22218.00,22218.00,0.00,44436.00,203136.00
PR_0442,INV/23-24/15442,2023-08-16,19AAACB6655F1ZQ,Britannia Industries Ltd,332400.00,5.0,0.00,0.00,16620.00,16620.00,349020.00
PR_0443,INV/23-24/15443,2024-03-22,27AAACM8890K1Z1,Mahindra & Mahindra Logistics Pvt Ltd,120900.00,5.0,3022.50,3022.50,0.00,6045.00,126945.00
PR_0444,INV/23-24/15444,2023-12-24,27AAACB0002G1Z6,Bharat Petroleum Corp Ltd,144900.00,18.0,13041.00,13041.00,0.00,26082.00,170982.00
PR_0445,INV/23-24/15445,2023-08-31,24AAACS4433D1ZM,Sun Pharmaceutical Industries Ltd,338900.00,18.0,0.00,0.00,61002.00,61002.00,399902.00
PR_0446,INV/23-24/15446,2023-11-01,27AAACB2345H1Z5,Bajaj Electricals Ltd,203800.00,5.0,5095.00,5095.00,0.00,10190.00,213990.00
PR_0447,INV/23-24/15447,2023-12-27,29AAGCB1234K1ZY,Swiggy Bundl Technologies Pvt Ltd,306600.00,12.0,0.00,0.00,36792.00,36792.00,343392.00
PR_0448,INV/23-24/15448,2023-09-06,07AAACD5566T1ZE,Dabur India Limited,90200.00,12.0,0.00,0.00,10824.00,10824.00,101024.00
PR_0449,INV/23-24/15449,2023-11-23,29AAGCB1234K1ZY,Swiggy Bundl Technologies Pvt Ltd,72300.00,18.0,0.00,0.00,13014.00,13014.00,85314.00
PR_0450,INV/23-24/15450,2024-02-18,29AAACI4567A1Z3,Infosys Limited,243800.00,28.0,0.00,0.00,68264.00,68264.00,312064.00
PR_0451,INV/23-24/15451,2023-10-09,27AAACB0002G1Z6,Bharat Petroleum Corp Ltd,295500.00,12.0,17730.00,17730.00,0.00,35460.00,330960.00
PR_0452,INV/23-24/15452,2023-07-05,29AAGCB1234K1ZY,Swiggy Bundl Technologies Pvt Ltd,39600.00,18.0,0.00,0.00,7128.00,7128.00,46728.00
PR_0453,INV/23-24/15453,2023-09-22,27AAACB0002G1Z6,Bharat Petroleum Corp Ltd,307300.00,12.0,18438.00,18438.00,0.00,36876.00,344176.00
PR_0454,INV/23-24/15454,2023-07-08,24AAACA3322C1ZK,Adani Enterprises Ltd,245700.00,12.0,0.00,0.00,29484.00,29484.00,275184.00
PR_0455,INV/23-24/15455,2023-11-27,07AAACZ9988J1ZW,Zomato Private Limited,74300.00,5.0,0.00,0.00,3715.00,3715.00,78015.00
PR_0456,INV/23-24/15456,2023-08-22,27AAACB0002G1Z6,Bharat Petroleum Corp Ltd,341800.00,18.0,30762.00,30762.00,0.00,61524.00,403324.00
PR_0457,INV/23-24/15457,2023-05-26,27AAACA0001F1Z4,Asian Paints Limited,190000.00,5.0,4750.00,4750.00,0.00,9500.00,199500.00
PR_0458,INV/23-24/15458,2024-03-23,27AAACU3344R1Z0,UltraTech Cement Ltd,460500.00,12.0,27630.00,27630.00,0.00,55260.00,515760.00
PR_0459,INV/23-24/15459,2023-09-17,06AAACM9900N1ZG,Maruti Suzuki India Ltd,230600.00,12.0,0.00,0.00,27672.00,27672.00,258272.00
PR_0460,INV/23-24/15460,2024-03-10,27AAACM8890K1Z1,Mahindra & Mahindra Logistics Pvt Ltd,55400.00,28.0,7756.00,7756.00,0.00,15512.00,70912.00
PR_0461,INV/23-24/15461,2023-08-27,07AAACH8877H1ZU,Hero MotoCorp Ltd,35700.00,18.0,0.00,0.00,6426.00,6426.00,42126.00
PR_0462,INV/23-24/15462,2023-08-01,08AAACV7766G1ZS,Vedanta Resources Ltd,243600.00,5.0,0.00,0.00,12180.00,12180.00,255780.00
PR_0463,INV/23-24/15463,2023-09-29,27AAACG9876E1Z9,Godrej Consumer Products Ltd,176100.00,12.0,10566.00,10566.00,0.00,21132.00,197232.00
PR_0464,INV/23-24/15464,2023-09-09,27AAACG9876E1Z9,Godrej Consumer Products Ltd,485900.00,18.0,43731.00,43731.00,0.00,87462.00,573362.00
PR_0465,INV/23-24/15465,2023-07-23,07AAACH8877H1ZU,Hero MotoCorp Ltd,328300.00,5.0,0.00,0.00,16415.00,16415.00,344715.00
PR_0466,INV/23-24/15466,2023-05-19,27AAACM8890K1Z1,Mahindra & Mahindra Logistics Pvt Ltd,78700.00,5.0,1967.50,1967.50,0.00,3935.00,82635.00
PR_0467,INV/23-24/15467,2023-11-25,07AAACH8877H1ZU,Hero MotoCorp Ltd,436000.00,28.0,0.00,0.00,122080.00,122080.00,558080.00
PR_0468,INV/23-24/15468,2023-04-25,07AAACZ9988J1ZW,Zomato Private Limited,450900.00,5.0,0.00,0.00,22545.00,22545.00,473445.00
PR_0469,INV/23-24/15469,2024-01-29,27AAACC5544E1ZO,Cipla Limited,202500.00,12.0,12150.00,12150.00,0.00,24300.00,226800.00
PR_0470,INV/23-24/15470,2023-07-20,27AABCR1234D1ZA,Reliance Retail Private Limited,408500.00,12.0,24510.00,24510.00,0.00,49020.00,457520.00
PR_0471,INV/23-24/15471,2023-07-25,27AAACM8890K1Z1,Mahindra & Mahindra Logistics Pvt Ltd,269600.00,28.0,37744.00,37744.00,0.00,75488.00,345088.00
PR_0472,INV/23-24/15472,2023-05-10,29AAACI4567A1Z3,Infosys Limited,33400.00,28.0,0.00,0.00,9352.00,9352.00,42752.00
PR_0473,INV/23-24/15473,2023-10-17,27AABCR1234D1ZA,Reliance Retail Private Limited,273200.00,28.0,38248.00,38248.00,0.00,76496.00,349696.00
PR_0474,INV/23-24/15474,2023-10-26,27AAACL0123M1Z8,Larsen & Toubro Ltd,415100.00,28.0,58114.00,58114.00,0.00,116228.00,531328.00
PR_0475,INV/23-24/15475,2023-07-04,29AAGCB1234K1ZY,Swiggy Bundl Technologies Pvt Ltd,13700.00,5.0,0.00,0.00,685.00,685.00,14385.00
PR_0476,INV/23-24/15476,2024-01-26,27AAACG9876E1Z9,Godrej Consumer Products Ltd,29000.00,5.0,725.00,725.00,0.00,1450.00,30450.00
PR_0477,INV/23-24/15477,2024-01-07,07AAACH2233P1ZC,Havells India Limited,96700.00,28.0,0.00,0.00,27076.00,27076.00,123776.00
PR_0478,INV/23-24/15478,2024-03-18,27AAACM8890K1Z1,Mahindra & Mahindra Logistics Pvt Ltd,205200.00,5.0,5130.00,5130.00,0.00,10260.00,215460.00
PR_0479,INV/23-24/15479,2024-02-21,27AAACB0002G1Z6,Bharat Petroleum Corp Ltd,391800.00,18.0,35262.00,35262.00,0.00,70524.00,462324.00
PR_0480,INV/23-24/15480,2023-08-24,07AAACH8877H1ZU,Hero MotoCorp Ltd,221100.00,28.0,0.00,0.00,61908.00,61908.00,283008.00
PR_0481,INV/23-24/15481,2023-04-02,27AAACC5544E1ZO,Cipla Limited,345300.00,5.0,8632.50,8632.50,0.00,17265.00,362565.00
PR_0482,INV/23-24/15482,2023-10-06,27AAACC5544E1ZO,Cipla Limited,325900.00,12.0,19554.00,19554.00,0.00,39108.00,365008.00
PR_0483,INV/23-24/15483,2023-04-30,27AAACC5544E1ZO,Cipla Limited,114700.00,18.0,10323.00,10323.00,0.00,20646.00,135346.00
PR_0484,INV/23-24/15484,2023-05-07,27AABCR1234D1ZA,Reliance Retail Private Limited,499500.00,18.0,44955.00,44955.00,0.00,89910.00,589410.00
PR_0485,INV/23-24/15485,2024-01-02,27AAACL0123M1Z8,Larsen & Toubro Ltd,94100.00,18.0,8469.00,8469.00,0.00,16938.00,111038.00
PR_0486,INV/23-24/15486,2023-10-21,27AAACA0001F1Z4,Asian Paints Limited,194500.00,12.0,11670.00,11670.00,0.00,23340.00,217840.00
PR_0487,INV/23-24/15487,2023-04-14,06AAACM9900N1ZG,Maruti Suzuki India Ltd,285900.00,28.0,0.00,0.00,80052.00,80052.00,365952.00
PR_0488,INV/23-24/15488,2023-07-09,24AAACS4433D1ZM,Sun Pharmaceutical Industries Ltd,338600.00,12.0,0.00,0.00,40632.00,40632.00,379232.00
PR_0489,INV/23-24/15489,2024-02-05,27AAACB2345H1Z5,Bajaj Electricals Ltd,181600.00,12.0,10896.00,10896.00,0.00,21792.00,203392.00
PR_0490,INV/23-24/15490,2023-08-01,27AAACC5544E1ZO,Cipla Limited,65200.00,12.0,3912.00,3912.00,0.00,7824.00,73024.00
PR_0491,INV/23-24/15491,2023-09-20,29AAACT6677K1Z8,Titan Company Ltd,279500.00,18.0,0.00,0.00,50310.00,50310.00,329810.00
PR_0492,INV/23-24/15492,2023-08-09,07AAACD5566T1ZE,Dabur India Limited,80500.00,5.0,0.00,0.00,4025.00,4025.00,84525.00
PR_0493,INV/23-24/15493,2023-12-23,29AAACI4567A1Z3,Infosys Limited,111500.00,18.0,0.00,0.00,20070.00,20070.00,131570.00
PR_0494,INV/23-24/15494,2023-10-05,24AAACA3322C1ZK,Adani Enterprises Ltd,40100.00,28.0,0.00,0.00,11228.00,11228.00,51328.00
PR_0495,INV/23-24/15495,2023-12-09,29AAGCB1234K1ZY,Swiggy Bundl Technologies Pvt Ltd,199600.00,18.0,0.00,0.00,35928.00,35928.00,235528.00
PR_0496,INV/23-24/15496,2023-04-24,27AAACB0002G1Z6,Bharat Petroleum Corp Ltd,361600.00,28.0,50624.00,50624.00,0.00,101248.00,462848.00
PR_0497,INV/23-24/15497,2023-06-05,06AAACM9900N1ZG,Maruti Suzuki India Ltd,100400.00,5.0,0.00,0.00,5020.00,5020.00,105420.00
PR_0498,INV/23-24/15498,2023-07-08,07AAACD5566T1ZE,Dabur India Limited,39500.00,5.0,0.00,0.00,1975.00,1975.00,41475.00
PR_0499,INV/23-24/15499,2023-10-17,29AAACI4567A1Z3,Infosys Limited,300900.00,12.0,0.00,0.00,36108.00,36108.00,337008.00
PR_0500,INV/23-24/15500,2023-10-15,27AAACB0002G1Z6,Bharat Petroleum Corp Ltd,27300.00,5.0,682.50,682.50,0.00,1365.00,28665.00
PR_0501,INV/23-24/15501,2023-09-12,27AAACM8890K1Z1,Mahindra & Mahindra Logistics Pvt Ltd,64500.00,28.0,9030.00,9030.00,0.00,18060.00,82560.00
PR_0502,INV/23-24/15502,2023-06-29,07AAACZ9988J1ZW,Zomato Private Limited,86800.00,12.0,0.00,0.00,10416.00,10416.00,97216.00
PR_0503,INV/23-24/15503,2023-09-22,29AAGCB1234K1ZY,Swiggy Bundl Technologies Pvt Ltd,213000.00,12.0,0.00,0.00,25560.00,25560.00,238560.00
PR_0504,INV/23-24/15504,2023-12-17,27AAACU3344R1Z0,UltraTech Cement Ltd,357000.00,5.0,8925.00,8925.00,0.00,17850.00,374850.00
PR_0505,INV/23-24/15505,2024-01-18,24AAACA3322C1ZK,Adani Enterprises Ltd,362300.00,12.0,0.00,0.00,43476.00,43476.00,405776.00
PR_0506,INV/23-24/15506,2023-11-04,27AAACL0123M1Z8,Larsen & Toubro Ltd,402500.00,28.0,56350.00,56350.00,0.00,112700.00,515200.00
PR_0507,INV/23-24/15507,2023-12-25,19AAACB6655F1ZQ,Britannia Industries Ltd,177700.00,12.0,0.00,0.00,21324.00,21324.00,199024.00
PR_0508,INV/23-24/15508,2023-05-30,27AAACH1111B1Z2,Hindustan Unilever Ltd,38000.00,18.0,3420.00,3420.00,0.00,6840.00,44840.00
PR_0509,INV/23-24/15509,2023-04-03,29AAACW1122J1Z7,Wipro Technologies Pvt Ltd,459200.00,18.0,0.00,0.00,82656.00,82656.00,541856.00
PR_0510,INV/23-24/15510,2023-09-23,06AAACM9900N1ZG,Maruti Suzuki India Ltd,163900.00,28.0,0.00,0.00,45892.00,45892.00,209792.00
PR_0511,INV/23-24/15511,2024-03-07,27AAACA0001F1Z4,Asian Paints Limited,395600.00,12.0,23736.00,23736.00,0.00,47472.00,443072.00
PR_0512,INV/23-24/15512,2023-04-24,24AAACA3322C1ZK,Adani Enterprises Ltd,338700.00,12.0,0.00,0.00,40644.00,40644.00,379344.00
PR_0513,INV/23-24/15513,2024-02-09,27AAACG9876E1Z9,Godrej Consumer Products Ltd,311600.00,12.0,18696.00,18696.00,0.00,37392.00,348992.00
PR_0514,INV/23-24/15514,2023-05-23,07AAACZ9988J1ZW,Zomato Private Limited,48700.00,5.0,0.00,0.00,2435.00,2435.00,51135.00
PR_0515,INV/23-24/15515,2024-03-19,08AAACV7766G1ZS,Vedanta Resources Ltd,374800.00,18.0,0.00,0.00,67464.00,67464.00,442264.00
PR_0516,INV/23-24/15516,2023-12-16,07AAACH8877H1ZU,Hero MotoCorp Ltd,43900.00,5.0,0.00,0.00,2195.00,2195.00,46095.00
PR_0517,INV/23-24/15517,2023-08-25,27AAACU3344R1Z0,UltraTech Cement Ltd,242000.00,5.0,6050.00,6050.00,0.00,12100.00,254100.00
PR_0518,INV/23-24/15518,2024-03-31,24AAACS4433D1ZM,Sun Pharmaceutical Industries Ltd,17900.00,12.0,0.00,0.00,2148.00,2148.00,20048.00
PR_0519,INV/23-24/15519,2023-06-24,29AAACT6677K1Z8,Titan Company Ltd,482500.00,18.0,0.00,0.00,86850.00,86850.00,569350.00
PR_0520,INV/23-24/15520,2023-10-10,27AAACB0002G1Z6,Bharat Petroleum Corp Ltd,474100.00,28.0,66374.00,66374.00,0.00,132748.00,606848.00
PR_0521,INV/23-24/15521,2024-02-23,29AAGCB1234K1ZY,Swiggy Bundl Technologies Pvt Ltd,457700.00,18.0,0.00,0.00,82386.00,82386.00,540086.00
PR_0522,INV/23-24/15522,2023-12-24,27AAACC5544E1ZO,Cipla Limited,78400.00,28.0,10976.00,10976.00,0.00,21952.00,100352.00
PR_0523,INV/23-24/15523,2023-10-05,27AAACA0001F1Z4,Asian Paints Limited,443400.00,12.0,26604.00,26604.00,0.00,53208.00,496608.00
PR_0524,INV/23-24/15524,2023-08-06,24AAACS4433D1ZM,Sun Pharmaceutical Industries Ltd,470900.00,28.0,0.00,0.00,131852.00,131852.00,602752.00
PR_0525,INV/23-24/15525,2023-05-23,27AAACM8890K1Z1,Mahindra & Mahindra Logistics Pvt Ltd,468100.00,18.0,42129.00,42129.00,0.00,84258.00,552358.00
PR_0526,INV/23-24/15526,2023-09-06,27AAACA0001F1Z4,Asian Paints Limited,414900.00,5.0,10372.50,10372.50,0.00,20745.00,435645.00
PR_0527,INV/23-24/15527,2023-07-07,24AAACS4433D1ZM,Sun Pharmaceutical Industries Ltd,148400.00,12.0,0.00,0.00,17808.00,17808.00,166208.00
PR_0528,INV/23-24/15528,2023-08-29,27AAACL0123M1Z8,Larsen & Toubro Ltd,187700.00,12.0,11262.00,11262.00,0.00,22524.00,210224.00
PR_0529,INV/23-24/15529,2023-10-24,29AAGCB1234K1ZY,Swiggy Bundl Technologies Pvt Ltd,357100.00,12.0,0.00,0.00,42852.00,42852.00,399952.00
PR_0530,INV/23-24/15530,2024-02-13,24AAACS4433D1ZM,Sun Pharmaceutical Industries Ltd,339000.00,5.0,0.00,0.00,16950.00,16950.00,355950.00
PR_0531,INV/23-24/15531,2023-10-21,24AAACA3322C1ZK,Adani Enterprises Ltd,131900.00,28.0,0.00,0.00,36932.00,36932.00,168832.00
PR_0532,INV/23-24/15532,2023-10-31,19AAACB6655F1ZQ,Britannia Industries Ltd,379500.00,5.0,0.00,0.00,18975.00,18975.00,398475.00
PR_0533,INV/23-24/15533,2023-07-20,27AAACT2727Q1ZW,Tata Consultancy Services Ltd,147400.00,28.0,20636.00,20636.00,0.00,41272.00,188672.00
PR_0534,INV/23-24/15534,2024-02-05,27AAACA0001F1Z4,Asian Paints Limited,430900.00,12.0,25854.00,25854.00,0.00,51708.00,482608.00
PR_0535,INV/23-24/15535,2023-10-03,29AAACW1122J1Z7,Wipro Technologies Pvt Ltd,498400.00,18.0,0.00,0.00,89712.00,89712.00,588112.00
PR_0536,INV/23-24/15536,2023-06-10,19AAACB6655F1ZQ,Britannia Industries Ltd,431100.00,12.0,0.00,0.00,51732.00,51732.00,482832.00
PR_0537,INV/23-24/15537,2023-04-02,08AAACV7766G1ZS,Vedanta Resources Ltd,238200.00,5.0,0.00,0.00,11910.00,11910.00,250110.00
PR_0538,INV/23-24/15538,2023-06-12,27AAACU3344R1Z0,UltraTech Cement Ltd,101500.00,28.0,14210.00,14210.00,0.00,28420.00,129920.00
PR_0539,INV/23-24/15539,2023-04-16,07AAACH8877H1ZU,Hero MotoCorp Ltd,284600.00,28.0,0.00,0.00,79688.00,79688.00,364288.00
PR_0540,INV/23-24/15540,2024-01-28,24AAACA3322C1ZK,Adani Enterprises Ltd,337700.00,12.0,0.00,0.00,40524.00,40524.00,378224.00
PR_0541,INV/23-24/15541,2024-03-12,29AAGCB1234K1ZY,Swiggy Bundl Technologies Pvt Ltd,451000.00,18.0,0.00,0.00,81180.00,81180.00,532180.00
PR_0542,INV/23-24/15542,2023-05-18,27AAACM8890K1Z1,Mahindra & Mahindra Logistics Pvt Ltd,222900.00,28.0,31206.00,31206.00,0.00,62412.00,285312.00
PR_0543,INV/23-24/15543,2023-10-11,24AAACA3322C1ZK,Adani Enterprises Ltd,474300.00,28.0,0.00,0.00,132804.00,132804.00,607104.00
PR_0544,INV/23-24/15544,2023-07-20,27AAACU3344R1Z0,UltraTech Cement Ltd,64600.00,28.0,9044.00,9044.00,0.00,18088.00,82688.00
PR_0545,INV/23-24/15545,2023-05-21,27AAACT2727Q1ZW,Tata Consultancy Services Ltd,353900.00,28.0,49546.00,49546.00,0.00,99092.00,452992.00
PR_0546,INV/23-24/15546,2023-12-27,08AAACV7766G1ZS,Vedanta Resources Ltd,160800.00,12.0,0.00,0.00,19296.00,19296.00,180096.00
PR_0547,INV/23-24/15547,2023-08-07,07AAACH2233P1ZC,Havells India Limited,103400.00,18.0,0.00,0.00,18612.00,18612.00,122012.00
PR_0548,INV/23-24/15548,2024-01-03,27AAACG9876E1Z9,Godrej Consumer Products Ltd,331500.00,18.0,29835.00,29835.00,0.00,59670.00,391170.00
PR_0549,INV/23-24/15549,2023-09-07,27AAACM8890K1Z1,Mahindra & Mahindra Logistics Pvt Ltd,486300.00,12.0,29178.00,29178.00,0.00,58356.00,544656.00
PR_0550,INV/23-24/15550,2023-04-16,06AAACM9900N1ZG,Maruti Suzuki India Ltd,38200.00,18.0,0.00,0.00,6876.00,6876.00,45076.00
PR_0551,INV/23-24/15551,2023-04-01,27AAACB2345H1Z5,Bajaj Electricals Ltd,188200.00,28.0,26348.00,26348.00,0.00,52696.00,240896.00
PR_0552,INV/23-24/15552,2023-10-18,27AAACT2727Q1ZW,Tata Consultancy Services Ltd,496800.00,28.0,69552.00,69552.00,0.00,139104.00,635904.00
PR_0553,INV/23-24/15553,2023-05-30,27AAACB0002G1Z6,Bharat Petroleum Corp Ltd,50100.00,5.0,1252.50,1252.50,0.00,2505.00,52605.00
PR_0554,INV/23-24/15554,2023-07-13,29AAGCB1234K1ZY,Swiggy Bundl Technologies Pvt Ltd,417700.00,28.0,0.00,0.00,116956.00,116956.00,534656.00
PR_0555,INV/23-24/15555,2024-02-08,27AABCR1234D1ZA,Reliance Retail Private Limited,163300.00,5.0,4082.50,4082.50,0.00,8165.00,171465.00
PR_0556,INV/23-24/15556,2023-05-04,07AAACH2233P1ZC,Havells India Limited,44200.00,5.0,0.00,0.00,2210.00,2210.00,46410.00
PR_0557,INV/23-24/15557,2023-05-12,27AAACB0002G1Z6,Bharat Petroleum Corp Ltd,233700.00,5.0,5842.50,5842.50,0.00,11685.00,245385.00
PR_0558,INV/23-24/15558,2023-04-28,27AAACA0001F1Z4,Asian Paints Limited,268200.00,5.0,6705.00,6705.00,0.00,13410.00,281610.00
PR_0559,INV/23-24/15559,2024-02-17,29AAACT6677K1Z8,Titan Company Ltd,150100.00,28.0,0.00,0.00,42028.00,42028.00,192128.00
PR_0560,INV/23-24/15560,2023-11-13,06AAACM9900N1ZG,Maruti Suzuki India Ltd,482100.00,12.0,0.00,0.00,57852.00,57852.00,539952.00
PR_0561,INV/23-24/15561,2023-04-26,19AAACB6655F1ZQ,Britannia Industries Ltd,122600.00,28.0,0.00,0.00,34328.00,34328.00,156928.00
PR_0562,INV/23-24/15562,2024-02-21,07AAACZ9988J1ZW,Zomato Private Limited,185600.00,18.0,0.00,0.00,33408.00,33408.00,219008.00
PR_0563,INV/23-24/15563,2023-12-10,27AAACH1111B1Z2,Hindustan Unilever Ltd,18700.00,18.0,1683.00,1683.00,0.00,3366.00,22066.00
PR_0564,INV/23-24/15564,2023-08-23,29AAACT6677K1Z8,Titan Company Ltd,495500.00,28.0,0.00,0.00,138740.00,138740.00,634240.00
PR_0565,INV/23-24/15565,2024-03-31,27AAACB0002G1Z6,Bharat Petroleum Corp Ltd,52600.00,12.0,3156.00,3156.00,0.00,6312.00,58912.00
PR_0566,INV/23-24/15566,2023-10-28,29AAACT6677K1Z8,Titan Company Ltd,335300.00,12.0,0.00,0.00,40236.00,40236.00,375536.00
PR_0567,INV/23-24/15567,2023-06-10,08AAACV7766G1ZS,Vedanta Resources Ltd,493400.00,12.0,0.00,0.00,59208.00,59208.00,552608.00
PR_0568,INV/23-24/15568,2023-05-18,27AAACU3344R1Z0,UltraTech Cement Ltd,460000.00,5.0,11500.00,11500.00,0.00,23000.00,483000.00
PR_0569,INV/23-24/15569,2023-10-14,07AAACZ9988J1ZW,Zomato Private Limited,393400.00,28.0,0.00,0.00,110152.00,110152.00,503552.00
PR_0570,INV/23-24/15570,2024-03-24,29AAACI4567A1Z3,Infosys Limited,468100.00,12.0,0.00,0.00,56172.00,56172.00,524272.00
PR_0571,INV/23-24/15571,2023-04-12,27AAACC5544E1ZO,Cipla Limited,220800.00,5.0,5520.00,5520.00,0.00,11040.00,231840.00
PR_0572,INV/23-24/15572,2023-07-09,27AAACB0002G1Z6,Bharat Petroleum Corp Ltd,60000.00,18.0,5400.00,5400.00,0.00,10800.00,70800.00
PR_0573,INV/23-24/15573,2023-07-28,27AAACG9876E1Z9,Godrej Consumer Products Ltd,376800.00,12.0,22608.00,22608.00,0.00,45216.00,422016.00
PR_0574,INV/23-24/15574,2023-10-01,27AABCR1234D1ZA,Reliance Retail Private Limited,262300.00,12.0,15738.00,15738.00,0.00,31476.00,293776.00
PR_0575,INV/23-24/15575,2023-09-24,07AAACH8877H1ZU,Hero MotoCorp Ltd,170900.00,12.0,0.00,0.00,20508.00,20508.00,191408.00
PR_0576,INV/23-24/15576,2024-01-04,27AAACB0002G1Z6,Bharat Petroleum Corp Ltd,387700.00,5.0,9692.50,9692.50,0.00,19385.00,407085.00
PR_0577,INV/23-24/15577,2023-06-24,29AAACT6677K1Z8,Titan Company Ltd,172800.00,5.0,0.00,0.00,8640.00,8640.00,181440.00
PR_0578,INV/23-24/15578,2024-02-03,08AAACV7766G1ZS,Vedanta Resources Ltd,69300.00,5.0,0.00,0.00,3465.00,3465.00,72765.00
PR_0579,INV/23-24/15579,2023-05-28,27AAACB2345H1Z5,Bajaj Electricals Ltd,316100.00,5.0,7902.50,7902.50,0.00,15805.00,331905.00
PR_0580,INV/23-24/15580,2023-12-19,29AAACW1122J1Z7,Wipro Technologies Pvt Ltd,199900.00,28.0,0.00,0.00,55972.00,55972.00,255872.00
PR_0581,INV/23-24/15581,2023-11-26,08AAACV7766G1ZS,Vedanta Resources Ltd,113400.00,18.0,0.00,0.00,20412.00,20412.00,133812.00
PR_0582,INV/23-24/15582,2023-06-02,32AAACA7788L1ZA,Apollo Tyres Ltd,313000.00,18.0,0.00,0.00,56340.00,56340.00,369340.00
PR_0583,INV/23-24/15583,2023-05-09,27AAACG9876E1Z9,Godrej Consumer Products Ltd,371500.00,12.0,22290.00,22290.00,0.00,44580.00,416080.00
PR_0584,INV/23-24/15584,2023-08-14,08AAACV7766G1ZS,Vedanta Resources Ltd,256500.00,18.0,0.00,0.00,46170.00,46170.00,302670.00
PR_0585,INV/23-24/15585,2024-01-22,24AAACS4433D1ZM,Sun Pharmaceutical Industries Ltd,143100.00,5.0,0.00,0.00,7155.00,7155.00,150255.00
PR_0586,INV/23-24/15586,2023-10-20,07AAACH2233P1ZC,Havells India Limited,120300.00,5.0,0.00,0.00,6015.00,6015.00,126315.00
PR_0587,INV/23-24/15587,2023-11-07,27AAACA0001F1Z4,Asian Paints Limited,82400.00,5.0,2060.00,2060.00,0.00,4120.00,86520.00
PR_0588,INV/23-24/15588,2023-07-31,27AAACH1111B1Z2,Hindustan Unilever Ltd,48300.00,18.0,4347.00,4347.00,0.00,8694.00,56994.00
PR_0589,INV/23-24/15589,2023-05-23,29AAACT6677K1Z8,Titan Company Ltd,209900.00,12.0,0.00,0.00,25188.00,25188.00,235088.00
PR_0590,INV/23-24/15590,2023-05-26,27AAACB0002G1Z6,Bharat Petroleum Corp Ltd,442600.00,28.0,61964.00,61964.00,0.00,123928.00,566528.00
PR_0591,INV/23-24/15591,2024-03-07,27AAACM8890K1Z1,Mahindra & Mahindra Logistics Pvt Ltd,414300.00,28.0,58002.00,58002.00,0.00,116004.00,530304.00
PR_0592,INV/23-24/15592,2023-05-09,06AAACM9900N1ZG,Maruti Suzuki India Ltd,157900.00,12.0,0.00,0.00,18948.00,18948.00,176848.00
PR_0593,INV/23-24/15593,2023-12-08,27AAACT2727Q1ZW,Tata Consultancy Services Ltd,80500.00,12.0,4830.00,4830.00,0.00,9660.00,90160.00
PR_0594,INV/23-24/15594,2024-02-16,24AAACS4433D1ZM,Sun Pharmaceutical Industries Ltd,88800.00,12.0,0.00,0.00,10656.00,10656.00,99456.00
PR_0595,INV/23-24/15595,2023-11-01,27AAACG9876E1Z9,Godrej Consumer Products Ltd,430500.00,18.0,38745.00,38745.00,0.00,77490.00,507990.00
PR_0596,INV/23-24/15596,2024-03-17,27AAACB2345H1Z5,Bajaj Electricals Ltd,407400.00,18.0,36666.00,36666.00,0.00,73332.00,480732.00
PR_0597,INV/23-24/15597,2023-11-05,27AAACC5544E1ZO,Cipla Limited,196500.00,28.0,27510.00,27510.00,0.00,55020.00,251520.00
PR_0598,INV/23-24/15598,2023-12-20,29AAACW1122J1Z7,Wipro Technologies Pvt Ltd,99100.00,12.0,0.00,0.00,11892.00,11892.00,110992.00
PR_0599,INV/23-24/15599,2023-04-15,27AAACB2345H1Z5,Bajaj Electricals Ltd,339500.00,18.0,30555.00,30555.00,0.00,61110.00,400610.00
PR_0600,INV/23-24/15600,2023-11-17,07AAACH2233P1ZC,Havells India Limited,473900.00,12.0,0.00,0.00,56868.00,56868.00,530768.00
PR_0601,INV/23-24/15601,2024-03-25,07AAACZ9988J1ZW,Zomato Private Limited,408700.00,5.0,0.00,0.00,20435.00,20435.00,429135.00
PR_0602,INV/23-24/15602,2024-03-14,24AAACS4433D1ZM,Sun Pharmaceutical Industries Ltd,334900.00,28.0,0.00,0.00,93772.00,93772.00,428672.00
PR_0603,INV/23-24/15603,2024-03-24,27AAACL0123M1Z8,Larsen & Toubro Ltd,396800.00,28.0,55552.00,55552.00,0.00,111104.00,507904.00
PR_0604,INV/23-24/15604,2023-10-25,27AAACB0002G1Z6,Bharat Petroleum Corp Ltd,198200.00,28.0,27748.00,27748.00,0.00,55496.00,253696.00
PR_0605,INV/23-24/15605,2023-10-04,29AAGCB1234K1ZY,Swiggy Bundl Technologies Pvt Ltd,17600.00,12.0,0.00,0.00,2112.00,2112.00,19712.00
PR_0606,INV/23-24/15606,2024-01-02,29AAGCB1234K1ZY,Swiggy Bundl Technologies Pvt Ltd,313100.00,5.0,0.00,0.00,15655.00,15655.00,328755.00
PR_0607,INV/23-24/15607,2023-07-24,27AABCR1234D1ZA,Reliance Retail Private Limited,152800.00,12.0,9168.00,9168.00,0.00,18336.00,171136.00
PR_0608,INV/23-24/15608,2024-03-11,19AAACB6655F1ZQ,Britannia Industries Ltd,273600.00,18.0,0.00,0.00,49248.00,49248.00,322848.00
PR_0609,INV/23-24/15609,2024-03-13,27AAACB2345H1Z5,Bajaj Electricals Ltd,327200.00,5.0,8180.00,8180.00,0.00,16360.00,343560.00
PR_0610,INV/23-24/15610,2023-09-19,08AAACV7766G1ZS,Vedanta Resources Ltd,17100.00,18.0,0.00,0.00,3078.00,3078.00,20178.00
PR_0611,INV/23-24/15611,2024-03-17,24AAACA3322C1ZK,Adani Enterprises Ltd,90900.00,28.0,0.00,0.00,25452.00,25452.00,116352.00
PR_0612,INV/23-24/15612,2023-06-16,27AAACH1111B1Z2,Hindustan Unilever Ltd,471400.00,28.0,65996.00,65996.00,0.00,131992.00,603392.00
PR_0613,INV/23-24/15613,2024-02-28,07AAACZ9988J1ZW,Zomato Private Limited,433300.00,5.0,0.00,0.00,21665.00,21665.00,454965.00
PR_0614,INV/23-24/15614,2024-01-18,29AAGCB1234K1ZY,Swiggy Bundl Technologies Pvt Ltd,64500.00,12.0,0.00,0.00,7740.00,7740.00,72240.00
PR_0615,INV/23-24/15615,2023-10-21,27AAACM8890K1Z1,Mahindra & Mahindra Logistics Pvt Ltd,470100.00,18.0,42309.00,42309.00,0.00,84618.00,554718.00
PR_0616,INV/23-24/15616,2024-01-28,29AAACT6677K1Z8,Titan Company Ltd,461700.00,5.0,0.00,0.00,23085.00,23085.00,484785.00
PR_0617,INV/23-24/15617,2023-11-07,24AAACA3322C1ZK,Adani Enterprises Ltd,197600.00,18.0,0.00,0.00,35568.00,35568.00,233168.00
PR_0618,INV/23-24/15618,2023-04-09,27AAACC5544E1ZO,Cipla Limited,452800.00,18.0,40752.00,40752.00,0.00,81504.00,534304.00
PR_0619,INV/23-24/15619,2023-09-17,27AAACB2345H1Z5,Bajaj Electricals Ltd,35900.00,12.0,2154.00,2154.00,0.00,4308.00,40208.00
PR_0620,INV/23-24/15620,2023-11-08,29AAACI4567A1Z3,Infosys Limited,449200.00,12.0,0.00,0.00,53904.00,53904.00,503104.00
PR_0621,INV/23-24/15621,2023-08-28,07AAACZ9988J1ZW,Zomato Private Limited,420600.00,18.0,0.00,0.00,75708.00,75708.00,496308.00
PR_0622,INV/23-24/15622,2024-02-05,19AAACB6655F1ZQ,Britannia Industries Ltd,249200.00,12.0,0.00,0.00,29904.00,29904.00,279104.00
PR_0623,INV/23-24/15623,2023-08-24,07AAACH2233P1ZC,Havells India Limited,73800.00,5.0,0.00,0.00,3690.00,3690.00,77490.00
PR_0624,INV/23-24/15624,2023-12-16,27AAACU3344R1Z0,UltraTech Cement Ltd,452000.00,28.0,63280.00,63280.00,0.00,126560.00,578560.00
PR_0625,INV/23-24/15625,2023-05-17,29AAACT6677K1Z8,Titan Company Ltd,366500.00,5.0,0.00,0.00,18325.00,18325.00,384825.00
PR_0626,INV/23-24/15626,2024-01-04,27AAACU3344R1Z0,UltraTech Cement Ltd,197700.00,12.0,11862.00,11862.00,0.00,23724.00,221424.00
PR_0627,INV/23-24/15627,2023-07-10,29AAACT6677K1Z8,Titan Company Ltd,396200.00,28.0,0.00,0.00,110936.00,110936.00,507136.00
PR_0628,INV/23-24/15628,2024-02-10,24AAACA3322C1ZK,Adani Enterprises Ltd,26400.00,12.0,0.00,0.00,3168.00,3168.00,29568.00
PR_0629,INV/23-24/15629,2023-05-10,29AAACT6677K1Z8,Titan Company Ltd,316600.00,18.0,0.00,0.00,56988.00,56988.00,373588.00
PR_0630,INV/23-24/15630,2023-12-10,27AAACC5544E1ZO,Cipla Limited,382900.00,5.0,9572.50,9572.50,0.00,19145.00,402045.00
PR_0631,INV/23-24/15631,2024-01-03,24AAACA3322C1ZK,Adani Enterprises Ltd,319900.00,28.0,0.00,0.00,89572.00,89572.00,409472.00
PR_0632,INV/23-24/15632,2023-12-11,27AAACM8890K1Z1,Mahindra & Mahindra Logistics Pvt Ltd,419300.00,28.0,58702.00,58702.00,0.00,117404.00,536704.00
PR_0633,INV/23-24/15633,2023-09-11,07AAACH8877H1ZU,Hero MotoCorp Ltd,111000.00,12.0,0.00,0.00,13320.00,13320.00,124320.00
PR_0634,INV/23-24/15634,2023-04-20,24AAACS4433D1ZM,Sun Pharmaceutical Industries Ltd,409600.00,12.0,0.00,0.00,49152.00,49152.00,458752.00
PR_0635,INV/23-24/15635,2023-04-01,19AAACB6655F1ZQ,Britannia Industries Ltd,434500.00,18.0,0.00,0.00,78210.00,78210.00,512710.00
PR_0636,INV/23-24/15636,2023-10-06,27AAACB0002G1Z6,Bharat Petroleum Corp Ltd,199500.00,12.0,11970.00,11970.00,0.00,23940.00,223440.00
PR_0637,INV/23-24/15637,2024-03-05,29AAACI4567A1Z3,Infosys Limited,29400.00,18.0,0.00,0.00,5292.00,5292.00,34692.00
PR_0638,INV/23-24/15638,2024-02-12,27AAACU3344R1Z0,UltraTech Cement Ltd,317000.00,28.0,44380.00,44380.00,0.00,88760.00,405760.00
PR_0639,INV/23-24/15639,2023-04-20,07AAACH2233P1ZC,Havells India Limited,471200.00,28.0,0.00,0.00,131936.00,131936.00,603136.00
PR_0640,INV/23-24/15640,2023-08-22,27AAACT2727Q1ZW,Tata Consultancy Services Ltd,142500.00,5.0,3562.50,3562.50,0.00,7125.00,149625.00
PR_0641,INV/23-24/15641,2023-10-09,24AAACA3322C1ZK,Adani Enterprises Ltd,285600.00,12.0,0.00,0.00,34272.00,34272.00,319872.00
PR_0642,INV/23-24/15642,2023-12-25,27AAACH1111B1Z2,Hindustan Unilever Ltd,154500.00,18.0,13905.00,13905.00,0.00,27810.00,182310.00
PR_0643,INV/23-24/15643,2023-10-19,27AAACB0002G1Z6,Bharat Petroleum Corp Ltd,491200.00,28.0,68768.00,68768.00,0.00,137536.00,628736.00
PR_0644,INV/23-24/15644,2024-02-08,27AAACG9876E1Z9,Godrej Consumer Products Ltd,294100.00,12.0,17646.00,17646.00,0.00,35292.00,329392.00
PR_0645,INV/23-24/15645,2024-02-19,27AAACA0001F1Z4,Asian Paints Limited,207000.00,12.0,12420.00,12420.00,0.00,24840.00,231840.00
PR_0646,INV/23-24/15646,2023-07-23,27AAACM8890K1Z1,Mahindra & Mahindra Logistics Pvt Ltd,325600.00,18.0,29304.00,29304.00,0.00,58608.00,384208.00
PR_0647,INV/23-24/15647,2023-10-25,27AAACG9876E1Z9,Godrej Consumer Products Ltd,283600.00,5.0,7090.00,7090.00,0.00,14180.00,297780.00
PR_0648,INV/23-24/15648,2024-03-16,27AAACB2345H1Z5,Bajaj Electricals Ltd,70200.00,18.0,6318.00,6318.00,0.00,12636.00,82836.00
PR_0649,INV/23-24/15649,2023-12-29,08AAACV7766G1ZS,Vedanta Resources Ltd,157800.00,18.0,0.00,0.00,28404.00,28404.00,186204.00
PR_0650,INV/23-24/15650,2023-09-23,07AAACZ9988J1ZW,Zomato Private Limited,150700.00,28.0,0.00,0.00,42196.00,42196.00,192896.00
PR_0651,INV/23-24/15651,2023-06-27,27AAACB0002G1Z6,Bharat Petroleum Corp Ltd,476400.00,12.0,28584.00,28584.00,0.00,57168.00,533568.00
PR_0652,INV/23-24/15652,2023-09-23,27AAACB0002G1Z6,Bharat Petroleum Corp Ltd,187000.00,12.0,11220.00,11220.00,0.00,22440.00,209440.00
PR_0653,INV/23-24/15653,2023-07-24,06AAACM9900N1ZG,Maruti Suzuki India Ltd,88700.00,18.0,0.00,0.00,15966.00,15966.00,104666.00
PR_0654,INV/23-24/15654,2024-03-29,06AAACM9900N1ZG,Maruti Suzuki India Ltd,463600.00,5.0,0.00,0.00,23180.00,23180.00,486780.00
PR_0655,INV/23-24/15655,2023-04-14,27AAACB0002G1Z6,Bharat Petroleum Corp Ltd,304600.00,18.0,27414.00,27414.00,0.00,54828.00,359428.00
PR_0656,INV/23-24/15656,2023-08-13,19AAACB6655F1ZQ,Britannia Industries Ltd,430100.00,28.0,0.00,0.00,120428.00,120428.00,550528.00
PR_0657,INV/23-24/15657,2024-02-07,27AAACB0002G1Z6,Bharat Petroleum Corp Ltd,17800.00,18.0,1602.00,1602.00,0.00,3204.00,21004.00
PR_0658,INV/23-24/15658,2023-08-12,07AAACH2233P1ZC,Havells India Limited,240300.00,28.0,0.00,0.00,67284.00,67284.00,307584.00
PR_0659,INV/23-24/15659,2023-09-04,29AAACW1122J1Z7,Wipro Technologies Pvt Ltd,164000.00,5.0,0.00,0.00,8200.00,8200.00,172200.00
PR_0660,INV/23-24/15660,2024-01-21,19AAACB6655F1ZQ,Britannia Industries Ltd,424600.00,5.0,0.00,0.00,21230.00,21230.00,445830.00
PR_0661,INV/23-24/15661,2024-02-01,27AABCR1234D1ZA,Reliance Retail Private Limited,399200.00,5.0,9980.00,9980.00,0.00,19960.00,419160.00
PR_0662,INV/23-24/15662,2023-07-11,32AAACA7788L1ZA,Apollo Tyres Ltd,43400.00,12.0,0.00,0.00,5208.00,5208.00,48608.00
PR_0663,INV/23-24/15663,2023-07-30,06AAACM9900N1ZG,Maruti Suzuki India Ltd,481700.00,18.0,0.00,0.00,86706.00,86706.00,568406.00
PR_0664,INV/23-24/15664,2023-10-04,27AAACH1111B1Z2,Hindustan Unilever Ltd,75400.00,5.0,1885.00,1885.00,0.00,3770.00,79170.00
PR_0665,INV/23-24/15665,2023-05-16,27AAACG9876E1Z9,Godrej Consumer Products Ltd,256900.00,28.0,35966.00,35966.00,0.00,71932.00,328832.00
PR_0666,INV/23-24/15666,2023-05-26,07AAACH2233P1ZC,Havells India Limited,376600.00,18.0,0.00,0.00,67788.00,67788.00,444388.00
PR_0667,INV/23-24/15667,2023-05-25,07AAACH2233P1ZC,Havells India Limited,170700.00,18.0,0.00,0.00,30726.00,30726.00,201426.00
PR_0668,INV/23-24/15668,2024-02-12,27AAACG9876E1Z9,Godrej Consumer Products Ltd,304900.00,12.0,18294.00,18294.00,0.00,36588.00,341488.00
PR_0669,INV/23-24/15669,2023-12-25,27AAACG9876E1Z9,Godrej Consumer Products Ltd,394800.00,28.0,55272.00,55272.00,0.00,110544.00,505344.00
PR_0670,INV/23-24/15670,2023-11-16,27AAACL0123M1Z8,Larsen & Toubro Ltd,354100.00,12.0,21246.00,21246.00,0.00,42492.00,396592.00
PR_0671,INV/23-24/15671,2024-02-12,07AAACH2233P1ZC,Havells India Limited,18100.00,5.0,0.00,0.00,905.00,905.00,19005.00
PR_0672,INV/23-24/15672,2023-08-24,27AAACH1111B1Z2,Hindustan Unilever Ltd,94300.00,12.0,5658.00,5658.00,0.00,11316.00,105616.00
PR_0673,INV/23-24/15673,2023-09-29,29AAGCB1234K1ZY,Swiggy Bundl Technologies Pvt Ltd,33800.00,5.0,0.00,0.00,1690.00,1690.00,35490.00
PR_0674,INV/23-24/15674,2024-02-10,27AAACB2345H1Z5,Bajaj Electricals Ltd,318600.00,28.0,44604.00,44604.00,0.00,89208.00,407808.00
PR_0675,INV/23-24/15675,2023-12-25,06AAACM9900N1ZG,Maruti Suzuki India Ltd,489700.00,5.0,0.00,0.00,24485.00,24485.00,514185.00
PR_0676,INV/23-24/15676,2023-12-01,32AAACA7788L1ZA,Apollo Tyres Ltd,112800.00,5.0,0.00,0.00,5640.00,5640.00,118440.00
PR_0677,INV/23-24/15677,2023-06-06,27AAACT2727Q1ZW,Tata Consultancy Services Ltd,300700.00,18.0,27063.00,27063.00,0.00,54126.00,354826.00
PR_0678,INV/23-24/15678,2023-06-23,29AAACW1122J1Z7,Wipro Technologies Pvt Ltd,334400.00,18.0,0.00,0.00,60192.00,60192.00,394592.00
PR_0679,INV/23-24/15679,2023-11-06,27AAACM8890K1Z1,Mahindra & Mahindra Logistics Pvt Ltd,461600.00,18.0,41544.00,41544.00,0.00,83088.00,544688.00
PR_0680,INV/23-24/15680,2024-01-24,07AAACD5566T1ZE,Dabur India Limited,270700.00,5.0,0.00,0.00,13535.00,13535.00,284235.00
PR_0681,INV/23-24/15681,2024-01-01,06AAACM9900N1ZG,Maruti Suzuki India Ltd,373400.00,28.0,0.00,0.00,104552.00,104552.00,477952.00
PR_0682,INV/23-24/15682,2023-06-25,29AAACT6677K1Z8,Titan Company Ltd,249600.00,18.0,0.00,0.00,44928.00,44928.00,294528.00
PR_0683,INV/23-24/15683,2023-12-18,27AAACM8890K1Z1,Mahindra & Mahindra Logistics Pvt Ltd,281700.00,28.0,39438.00,39438.00,0.00,78876.00,360576.00
PR_0684,INV/23-24/15684,2024-02-18,07AAACH2233P1ZC,Havells India Limited,448400.00,18.0,0.00,0.00,80712.00,80712.00,529112.00
PR_0685,INV/23-24/15685,2023-09-10,07AAACH2233P1ZC,Havells India Limited,302900.00,28.0,0.00,0.00,84812.00,84812.00,387712.00
PR_0686,INV/23-24/15686,2024-02-09,27AAACB2345H1Z5,Bajaj Electricals Ltd,254400.00,12.0,15264.00,15264.00,0.00,30528.00,284928.00
PR_0687,INV/23-24/15687,2023-09-18,27AAACL0123M1Z8,Larsen & Toubro Ltd,355700.00,5.0,8892.50,8892.50,0.00,17785.00,373485.00
PR_0688,INV/23-24/15688,2023-04-21,27AAACT2727Q1ZW,Tata Consultancy Services Ltd,10100.00,12.0,606.00,606.00,0.00,1212.00,11312.00
PR_0689,INV/23-24/15689,2023-10-08,29AAACI4567A1Z3,Infosys Limited,256300.00,12.0,0.00,0.00,30756.00,30756.00,287056.00
PR_0690,INV/23-24/15690,2024-02-26,19AAACB6655F1ZQ,Britannia Industries Ltd,485300.00,12.0,0.00,0.00,58236.00,58236.00,543536.00
PR_0691,INV/23-24/15691,2023-06-07,29AAACW1122J1Z7,Wipro Technologies Pvt Ltd,198600.00,5.0,0.00,0.00,9930.00,9930.00,208530.00
PR_0692,INV/23-24/15692,2023-09-10,19AAACB6655F1ZQ,Britannia Industries Ltd,272000.00,5.0,0.00,0.00,13600.00,13600.00,285600.00
PR_0693,INV/23-24/15693,2023-09-13,27AABCR1234D1ZA,Reliance Retail Private Limited,9500.00,12.0,570.00,570.00,0.00,1140.00,10640.00
PR_0694,INV/23-24/15694,2023-12-24,07AAACH2233P1ZC,Havells India Limited,32600.00,28.0,0.00,0.00,9128.00,9128.00,41728.00
PR_0695,INV/23-24/15695,2023-07-03,27AAACG9876E1Z9,Godrej Consumer Products Ltd,460100.00,28.0,64414.00,64414.00,0.00,128828.00,588928.00
PR_0696,INV/23-24/15696,2023-09-03,08AAACV7766G1ZS,Vedanta Resources Ltd,237500.00,5.0,0.00,0.00,11875.00,11875.00,249375.00
PR_0697,INV/23-24/15697,2024-01-26,27AAACA0001F1Z4,Asian Paints Limited,321000.00,28.0,44940.00,44940.00,0.00,89880.00,410880.00
PR_0698,INV/23-24/15698,2023-12-12,27AAACC5544E1ZO,Cipla Limited,123000.00,28.0,17220.00,17220.00,0.00,34440.00,157440.00
PR_0699,INV/23-24/15699,2024-02-21,29AAACW1122J1Z7,Wipro Technologies Pvt Ltd,372800.00,28.0,0.00,0.00,104384.00,104384.00,477184.00
PR_0700,INV/23-24/15700,2023-06-16,29AAACT6677K1Z8,Titan Company Ltd,343500.00,18.0,0.00,0.00,61830.00,61830.00,405330.00
PR_0701,INV/23-24/15701,2023-10-05,07AAACZ9988J1ZW,Zomato Private Limited,111200.00,5.0,0.00,0.00,5560.00,5560.00,116760.00
PR_0702,INV/23-24/15702,2023-08-26,06AAACM9900N1ZG,Maruti Suzuki India Ltd,307100.00,12.0,0.00,0.00,36852.00,36852.00,343952.00
PR_0703,INV/23-24/15703,2023-07-21,27AAACG9876E1Z9,Godrej Consumer Products Ltd,435700.00,5.0,10892.50,10892.50,0.00,21785.00,457485.00
PR_0704,INV/23-24/15704,2023-07-07,27AAACB2345H1Z5,Bajaj Electricals Ltd,114500.00,5.0,2862.50,2862.50,0.00,5725.00,120225.00
PR_0705,INV/23-24/15705,2024-02-05,27AABCR1234D1ZA,Reliance Retail Private Limited,168900.00,12.0,10134.00,10134.00,0.00,20268.00,189168.00
PR_0706,INV/23-24/15706,2024-02-14,27AAACM8890K1Z1,Mahindra & Mahindra Logistics Pvt Ltd,254700.00,5.0,6367.50,6367.50,0.00,12735.00,267435.00
PR_0707,INV/23-24/15707,2023-04-05,27AABCR1234D1ZA,Reliance Retail Private Limited,313900.00,5.0,7847.50,7847.50,0.00,15695.00,329595.00
PR_0708,INV/23-24/15708,2023-08-13,06AAACM9900N1ZG,Maruti Suzuki India Ltd,345200.00,12.0,0.00,0.00,41424.00,41424.00,386624.00
PR_0709,INV/23-24/15709,2024-01-09,32AAACA7788L1ZA,Apollo Tyres Ltd,172000.00,12.0,0.00,0.00,20640.00,20640.00,192640.00
PR_0710,INV/23-24/15710,2023-12-29,29AAACT6677K1Z8,Titan Company Ltd,24800.00,18.0,0.00,0.00,4464.00,4464.00,29264.00
PR_0711,INV/23-24/15711,2023-12-22,27AAACB2345H1Z5,Bajaj Electricals Ltd,335900.00,28.0,47026.00,47026.00,0.00,94052.00,429952.00
PR_0712,INV/23-24/15712,2023-06-30,07AAACH8877H1ZU,Hero MotoCorp Ltd,378500.00,5.0,0.00,0.00,18925.00,18925.00,397425.00
PR_0713,INV/23-24/15713,2023-11-24,27AAACB2345H1Z5,Bajaj Electricals Ltd,398200.00,18.0,35838.00,35838.00,0.00,71676.00,469876.00
PR_0714,INV/23-24/15714,2024-01-13,07AAACH2233P1ZC,Havells India Limited,302500.00,18.0,0.00,0.00,54450.00,54450.00,356950.00
PR_0715,INV/23-24/15715,2023-06-09,19AAACB6655F1ZQ,Britannia Industries Ltd,401300.00,18.0,0.00,0.00,72234.00,72234.00,473534.00
PR_0716,INV/23-24/15716,2023-04-17,27AAACB0002G1Z6,Bharat Petroleum Corp Ltd,472900.00,12.0,28374.00,28374.00,0.00,56748.00,529648.00
PR_0717,INV/23-24/15717,2023-12-18,07AAACH2233P1ZC,Havells India Limited,78900.00,12.0,0.00,0.00,9468.00,9468.00,88368.00
PR_0718,INV/23-24/15718,2023-10-18,27AAACB0002G1Z6,Bharat Petroleum Corp Ltd,88700.00,12.0,5322.00,5322.00,0.00,10644.00,99344.00
PR_0719,INV/23-24/15719,2023-06-01,29AAACI4567A1Z3,Infosys Limited,365000.00,12.0,0.00,0.00,43800.00,43800.00,408800.00
PR_0720,INV/23-24/15720,2023-05-03,19AAACB6655F1ZQ,Britannia Industries Ltd,148800.00,28.0,0.00,0.00,41664.00,41664.00,190464.00
PR_0721,INV/23-24/15721,2023-11-13,29AAACT6677K1Z8,Titan Company Ltd,167400.00,12.0,0.00,0.00,20088.00,20088.00,187488.00
PR_0722,INV/23-24/15722,2024-03-01,07AAACH8877H1ZU,Hero MotoCorp Ltd,467400.00,12.0,0.00,0.00,56088.00,56088.00,523488.00
PR_0723,INV/23-24/15723,2023-09-14,24AAACS4433D1ZM,Sun Pharmaceutical Industries Ltd,28900.00,12.0,0.00,0.00,3468.00,3468.00,32368.00
PR_0724,INV/23-24/15724,2024-01-21,27AAACB2345H1Z5,Bajaj Electricals Ltd,132100.00,12.0,7926.00,7926.00,0.00,15852.00,147952.00
PR_0725,INV/23-24/15725,2023-06-27,24AAACS4433D1ZM,Sun Pharmaceutical Industries Ltd,342400.00,12.0,0.00,0.00,41088.00,41088.00,383488.00
PR_0726,INV/23-24/15726,2024-03-02,27AAACL0123M1Z8,Larsen & Toubro Ltd,272800.00,28.0,38192.00,38192.00,0.00,76384.00,349184.00
PR_0727,INV/23-24/15727,2023-07-30,24AAACS4433D1ZM,Sun Pharmaceutical Industries Ltd,253300.00,5.0,0.00,0.00,12665.00,12665.00,265965.00
PR_0728,INV/23-24/15728,2023-06-25,24AAACA3322C1ZK,Adani Enterprises Ltd,198700.00,12.0,0.00,0.00,23844.00,23844.00,222544.00
PR_0729,INV/23-24/15729,2024-01-21,07AAACH2233P1ZC,Havells India Limited,205300.00,18.0,0.00,0.00,36954.00,36954.00,242254.00
PR_0730,INV/23-24/15730,2024-01-10,24AAACA3322C1ZK,Adani Enterprises Ltd,267300.00,12.0,0.00,0.00,32076.00,32076.00,299376.00
PR_0731,INV/23-24/15731,2023-06-02,27AAACA0001F1Z4,Asian Paints Limited,347300.00,18.0,31257.00,31257.00,0.00,62514.00,409814.00
PR_0732,INV/23-24/15732,2023-07-22,32AAACA7788L1ZA,Apollo Tyres Ltd,408900.00,28.0,0.00,0.00,114492.00,114492.00,523392.00
PR_0733,INV/23-24/15733,2023-08-05,27AAACB2345H1Z5,Bajaj Electricals Ltd,242400.00,28.0,33936.00,33936.00,0.00,67872.00,310272.00
PR_0734,INV/23-24/15734,2023-08-08,27AAACT2727Q1ZW,Tata Consultancy Services Ltd,218800.00,18.0,19692.00,19692.00,0.00,39384.00,258184.00
PR_0735,INV/23-24/15735,2023-07-02,24AAACS4433D1ZM,Sun Pharmaceutical Industries Ltd,100400.00,28.0,0.00,0.00,28112.00,28112.00,128512.00
PR_0736,INV/23-24/15736,2023-07-05,29AAACT6677K1Z8,Titan Company Ltd,7200.00,28.0,0.00,0.00,2016.00,2016.00,9216.00
PR_0737,INV/23-24/15737,2023-05-06,24AAACS4433D1ZM,Sun Pharmaceutical Industries Ltd,365500.00,12.0,0.00,0.00,43860.00,43860.00,409360.00
PR_0738,INV/23-24/15738,2023-08-05,27AAACB2345H1Z5,Bajaj Electricals Ltd,276200.00,5.0,6905.00,6905.00,0.00,13810.00,290010.00
PR_0739,INV/23-24/15739,2023-12-11,08AAACV7766G1ZS,Vedanta Resources Ltd,436700.00,28.0,0.00,0.00,122276.00,122276.00,558976.00
PR_0740,INV/23-24/15740,2023-12-08,07AAACZ9988J1ZW,Zomato Private Limited,180500.00,5.0,0.00,0.00,9025.00,9025.00,189525.00
PR_0741,INV/23-24/15741,2024-01-22,07AAACH8877H1ZU,Hero MotoCorp Ltd,118200.00,18.0,0.00,0.00,21276.00,21276.00,139476.00
PR_0742,INV/23-24/15742,2023-06-16,24AAACA3322C1ZK,Adani Enterprises Ltd,112000.00,12.0,0.00,0.00,13440.00,13440.00,125440.00
PR_0743,INV/23-24/15743,2023-10-04,27AAACT2727Q1ZW,Tata Consultancy Services Ltd,115300.00,5.0,2882.50,2882.50,0.00,5765.00,121065.00
PR_0744,INV/23-24/15744,2023-07-06,27AAACB0002G1Z6,Bharat Petroleum Corp Ltd,453900.00,5.0,11347.50,11347.50,0.00,22695.00,476595.00
PR_0745,INV/23-24/15745,2023-08-14,27AAACB2345H1Z5,Bajaj Electricals Ltd,41400.00,5.0,1035.00,1035.00,0.00,2070.00,43470.00
PR_0746,INV/23-24/15746,2023-12-22,29AAGCB1234K1ZY,Swiggy Bundl Technologies Pvt Ltd,386400.00,28.0,0.00,0.00,108192.00,108192.00,494592.00
PR_0747,INV/23-24/15747,2024-03-16,06AAACM9900N1ZG,Maruti Suzuki India Ltd,291100.00,28.0,0.00,0.00,81508.00,81508.00,372608.00
PR_0748,INV/23-24/15748,2023-09-30,27AAACG9876E1Z9,Godrej Consumer Products Ltd,426300.00,18.0,38367.00,38367.00,0.00,76734.00,503034.00
PR_0749,INV/23-24/15749,2023-10-19,27AAACB2345H1Z5,Bajaj Electricals Ltd,443200.00,12.0,26592.00,26592.00,0.00,53184.00,496384.00
PR_0750,INV/23-24/15750,2023-04-09,29AAACI4567A1Z3,Infosys Limited,170400.00,5.0,0.00,0.00,8520.00,8520.00,178920.00
PR_0751,INV/23-24/15751,2023-10-16,27AAACH1111B1Z2,Hindustan Unilever Ltd,198500.00,18.0,17865.00,17865.00,0.00,35730.00,234230.00
PR_0752,INV/23-24/15752,2024-01-19,19AAACB6655F1ZQ,Britannia Industries Ltd,474100.00,5.0,0.00,0.00,23705.00,23705.00,497805.00
PR_0753,INV/23-24/15753,2023-05-05,07AAACH2233P1ZC,Havells India Limited,382000.00,5.0,0.00,0.00,19100.00,19100.00,401100.00
PR_0754,INV/23-24/15754,2024-01-18,27AAACU3344R1Z0,UltraTech Cement Ltd,177000.00,12.0,10620.00,10620.00,0.00,21240.00,198240.00
PR_0755,INV/23-24/15755,2024-02-24,27AABCR1234D1ZA,Reliance Retail Private Limited,127200.00,5.0,3180.00,3180.00,0.00,6360.00,133560.00
PR_0756,INV/23-24/15756,2023-09-26,24AAACS4433D1ZM,Sun Pharmaceutical Industries Ltd,485700.00,12.0,0.00,0.00,58284.00,58284.00,543984.00
PR_0757,INV/23-24/15757,2023-09-03,08AAACV7766G1ZS,Vedanta Resources Ltd,80700.00,5.0,0.00,0.00,4035.00,4035.00,84735.00
PR_0758,INV/23-24/15758,2024-02-29,27AAACG9876E1Z9,Godrej Consumer Products Ltd,232000.00,28.0,32480.00,32480.00,0.00,64960.00,296960.00
PR_0759,INV/23-24/15759,2024-02-08,07AAACZ9988J1ZW,Zomato Private Limited,51400.00,12.0,0.00,0.00,6168.00,6168.00,57568.00
PR_0760,INV/23-24/15760,2023-10-30,27AAACG9876E1Z9,Godrej Consumer Products Ltd,477300.00,5.0,11932.50,11932.50,0.00,23865.00,501165.00
PR_0761,INV/23-24/15761,2024-03-17,32AAACA7788L1ZA,Apollo Tyres Ltd,177300.00,5.0,0.00,0.00,8865.00,8865.00,186165.00
PR_0762,INV/23-24/15762,2024-02-06,24AAACS4433D1ZM,Sun Pharmaceutical Industries Ltd,81100.00,28.0,0.00,0.00,22708.00,22708.00,103808.00
PR_0763,INV/23-24/15763,2023-04-25,27AAACL0123M1Z8,Larsen & Toubro Ltd,330800.00,12.0,19848.00,19848.00,0.00,39696.00,370496.00
PR_0764,INV/23-24/15764,2023-05-30,19AAACB6655F1ZQ,Britannia Industries Ltd,129300.00,12.0,0.00,0.00,15516.00,15516.00,144816.00
PR_0765,INV/23-24/15765,2024-03-17,27AAACG9876E1Z9,Godrej Consumer Products Ltd,101700.00,12.0,6102.00,6102.00,0.00,12204.00,113904.00
PR_0766,INV/23-24/15766,2023-11-25,07AAACH8877H1ZU,Hero MotoCorp Ltd,340900.00,28.0,0.00,0.00,95452.00,95452.00,436352.00
PR_0767,INV/23-24/15767,2023-05-29,29AAGCB1234K1ZY,Swiggy Bundl Technologies Pvt Ltd,48800.00,12.0,0.00,0.00,5856.00,5856.00,54656.00
PR_0768,INV/23-24/15768,2023-05-28,27AAACC5544E1ZO,Cipla Limited,99900.00,5.0,2497.50,2497.50,0.00,4995.00,104895.00
PR_0769,INV/23-24/15769,2023-06-06,27AAACB0002G1Z6,Bharat Petroleum Corp Ltd,90600.00,28.0,12684.00,12684.00,0.00,25368.00,115968.00
PR_0770,INV/23-24/15770,2024-02-11,27AAACB2345H1Z5,Bajaj Electricals Ltd,104000.00,5.0,2600.00,2600.00,0.00,5200.00,109200.00
PR_0771,INV/23-24/15771,2023-06-09,07AAACZ9988J1ZW,Zomato Private Limited,370700.00,5.0,0.00,0.00,18535.00,18535.00,389235.00
PR_0772,INV/23-24/15772,2023-11-11,07AAACZ9988J1ZW,Zomato Private Limited,438400.00,18.0,0.00,0.00,78912.00,78912.00,517312.00
PR_0773,INV/23-24/15773,2023-04-19,29AAACW1122J1Z7,Wipro Technologies Pvt Ltd,180300.00,12.0,0.00,0.00,21636.00,21636.00,201936.00
PR_0774,INV/23-24/15774,2023-10-12,27AAACA0001F1Z4,Asian Paints Limited,358400.00,12.0,21504.00,21504.00,0.00,43008.00,401408.00
PR_0775,INV/23-24/15775,2023-04-07,07AAACH2233P1ZC,Havells India Limited,444200.00,12.0,0.00,0.00,53304.00,53304.00,497504.00
PR_0776,INV/23-24/15776,2024-02-28,08AAACV7766G1ZS,Vedanta Resources Ltd,378000.00,12.0,0.00,0.00,45360.00,45360.00,423360.00
PR_0777,INV/23-24/15777,2023-05-24,08AAACV7766G1ZS,Vedanta Resources Ltd,431700.00,18.0,0.00,0.00,77706.00,77706.00,509406.00
PR_0778,INV/23-24/15778,2023-05-22,27AAACM8890K1Z1,Mahindra & Mahindra Logistics Pvt Ltd,149200.00,18.0,13428.00,13428.00,0.00,26856.00,176056.00
PR_0779,INV/23-24/15779,2024-01-11,27AABCR1234D1ZA,Reliance Retail Private Limited,23600.00,18.0,2124.00,2124.00,0.00,4248.00,27848.00
PR_0780,INV/23-24/15780,2023-06-11,08AAACV7766G1ZS,Vedanta Resources Ltd,434900.00,28.0,0.00,0.00,121772.00,121772.00,556672.00
PR_0781,INV/23-24/15781,2024-03-06,07AAACH2233P1ZC,Havells India Limited,477200.00,5.0,0.00,0.00,23860.00,23860.00,501060.00
PR_0782,INV/23-24/15782,2024-01-31,07AAACH2233P1ZC,Havells India Limited,127900.00,12.0,0.00,0.00,15348.00,15348.00,143248.00
PR_0783,INV/23-24/15783,2023-04-09,27AAACA0001F1Z4,Asian Paints Limited,110500.00,28.0,15470.00,15470.00,0.00,30940.00,141440.00
PR_0784,INV/23-24/15784,2023-09-27,24AAACS4433D1ZM,Sun Pharmaceutical Industries Ltd,305400.00,12.0,0.00,0.00,36648.00,36648.00,342048.00
PR_0785,INV/23-24/15785,2024-03-01,07AAACZ9988J1ZW,Zomato Private Limited,59000.00,28.0,0.00,0.00,16520.00,16520.00,75520.00
PR_0786,INV/23-24/15786,2024-01-31,27AAACT2727Q1ZW,Tata Consultancy Services Ltd,471000.00,12.0,28260.00,28260.00,0.00,56520.00,527520.00
PR_0787,INV/23-24/15787,2023-12-11,27AAACU3344R1Z0,UltraTech Cement Ltd,482900.00,12.0,28974.00,28974.00,0.00,57948.00,540848.00
PR_0788,INV/23-24/15788,2023-11-19,27AAACT2727Q1ZW,Tata Consultancy Services Ltd,192400.00,5.0,4810.00,4810.00,0.00,9620.00,202020.00
PR_0789,INV/23-24/15789,2023-11-04,27AAACM8890K1Z1,Mahindra & Mahindra Logistics Pvt Ltd,161200.00,18.0,14508.00,14508.00,0.00,29016.00,190216.00
PR_0790,INV/23-24/15790,2023-10-05,27AAACU3344R1Z0,UltraTech Cement Ltd,447000.00,18.0,40230.00,40230.00,0.00,80460.00,527460.00
PR_0791,INV/23-24/15791,2023-07-18,27AAACB0002G1Z6,Bharat Petroleum Corp Ltd,111700.00,18.0,10053.00,10053.00,0.00,20106.00,131806.00
PR_0792,INV/23-24/15792,2023-06-19,27AAACT2727Q1ZW,Tata Consultancy Services Ltd,66300.00,18.0,5967.00,5967.00,0.00,11934.00,78234.00
PR_0793,INV/23-24/15793,2023-04-28,27AAACT2727Q1ZW,Tata Consultancy Services Ltd,399700.00,12.0,23982.00,23982.00,0.00,47964.00,447664.00
PR_0794,INV/23-24/15794,2024-02-09,07AAACD5566T1ZE,Dabur India Limited,301400.00,5.0,0.00,0.00,15070.00,15070.00,316470.00
PR_0795,INV/23-24/15795,2024-01-11,27AAACB2345H1Z5,Bajaj Electricals Ltd,194000.00,28.0,27160.00,27160.00,0.00,54320.00,248320.00
PR_0796,INV/23-24/15796,2023-06-25,32AAACA7788L1ZA,Apollo Tyres Ltd,54400.00,18.0,0.00,0.00,9792.00,9792.00,64192.00
PR_0797,INV/23-24/15797,2023-05-14,27AAACC5544E1ZO,Cipla Limited,367900.00,5.0,9197.50,9197.50,0.00,18395.00,386295.00
PR_0798,INV/23-24/15798,2023-04-12,07AAACD5566T1ZE,Dabur India Limited,488900.00,28.0,0.00,0.00,136892.00,136892.00,625792.00
PR_0799,INV/23-24/15799,2023-06-04,07AAACD5566T1ZE,Dabur India Limited,111400.00,12.0,0.00,0.00,13368.00,13368.00,124768.00
PR_0800,INV/23-24/15800,2023-09-11,27AAACA0001F1Z4,Asian Paints Limited,285400.00,5.0,7135.00,7135.00,0.00,14270.00,299670.00
PR_0801,INV/23-24/15801,2023-07-23,27AAACH1111B1Z2,Hindustan Unilever Ltd,11200.00,12.0,672.00,672.00,0.00,1344.00,12544.00
PR_0802,INV/23-24/15802,2023-08-06,07AAACH8877H1ZU,Hero MotoCorp Ltd,31500.00,18.0,0.00,0.00,5670.00,5670.00,37170.00
PR_0803,INV/23-24/15803,2024-02-10,29AAACI4567A1Z3,Infosys Limited,18800.00,5.0,0.00,0.00,940.00,940.00,19740.00
PR_0804,INV/23-24/15804,2024-01-14,27AAACU3344R1Z0,UltraTech Cement Ltd,411600.00,28.0,57624.00,57624.00,0.00,115248.00,526848.00
PR_0805,INV/23-24/15805,2023-11-03,29AAGCB1234K1ZY,Swiggy Bundl Technologies Pvt Ltd,306900.00,28.0,0.00,0.00,85932.00,85932.00,392832.00
PR_0806,INV/23-24/15806,2023-11-13,27AAACA0001F1Z4,Asian Paints Limited,308800.00,5.0,7720.00,7720.00,0.00,15440.00,324240.00
PR_0807,INV/23-24/15807,2023-08-24,24AAACS4433D1ZM,Sun Pharmaceutical Industries Ltd,309700.00,18.0,0.00,0.00,55746.00,55746.00,365446.00
PR_0808,INV/23-24/15808,2023-08-07,07AAACD5566T1ZE,Dabur India Limited,206600.00,12.0,0.00,0.00,24792.00,24792.00,231392.00
PR_0809,INV/23-24/15809,2023-08-07,32AAACA7788L1ZA,Apollo Tyres Ltd,117100.00,5.0,0.00,0.00,5855.00,5855.00,122955.00
PR_0810,INV/23-24/15810,2023-05-27,29AAACT6677K1Z8,Titan Company Ltd,7200.00,28.0,0.00,0.00,2016.00,2016.00,9216.00
PR_0811,INV/23-24/15811,2023-12-20,29AAACI4567A1Z3,Infosys Limited,102000.00,5.0,0.00,0.00,5100.00,5100.00,107100.00
PR_0812,INV/23-24/15812,2023-04-14,27AAACL0123M1Z8,Larsen & Toubro Ltd,174700.00,5.0,4367.50,4367.50,0.00,8735.00,183435.00
PR_0813,INV/23-24/15813,2023-07-27,07AAACZ9988J1ZW,Zomato Private Limited,458700.00,28.0,0.00,0.00,128436.00,128436.00,587136.00
PR_0814,INV/23-24/15814,2023-08-20,27AAACL0123M1Z8,Larsen & Toubro Ltd,331500.00,28.0,46410.00,46410.00,0.00,92820.00,424320.00
PR_0815,INV/23-24/15815,2023-06-22,29AAGCB1234K1ZY,Swiggy Bundl Technologies Pvt Ltd,405500.00,5.0,0.00,0.00,20275.00,20275.00,425775.00
PR_0816,INV/23-24/15816,2023-04-07,07AAACD5566T1ZE,Dabur India Limited,450900.00,5.0,0.00,0.00,22545.00,22545.00,473445.00
PR_0817,INV/23-24/15817,2023-11-16,06AAACM9900N1ZG,Maruti Suzuki India Ltd,305000.00,5.0,0.00,0.00,15250.00,15250.00,320250.00
PR_0818,INV/23-24/15818,2023-04-16,27AAACL0123M1Z8,Larsen & Toubro Ltd,490500.00,12.0,29430.00,29430.00,0.00,58860.00,549360.00
PR_0819,INV/23-24/15819,2024-03-26,07AAACZ9988J1ZW,Zomato Private Limited,285700.00,5.0,0.00,0.00,14285.00,14285.00,299985.00
PR_0820,INV/23-24/15820,2023-07-10,29AAACI4567A1Z3,Infosys Limited,74100.00,28.0,0.00,0.00,20748.00,20748.00,94848.00
PR_0821,INV/23-24/15821,2023-11-18,06AAACM9900N1ZG,Maruti Suzuki India Ltd,339700.00,5.0,0.00,0.00,16985.00,16985.00,356685.00
PR_0822,INV/23-24/15822,2023-11-23,27AAACL0123M1Z8,Larsen & Toubro Ltd,49100.00,12.0,2946.00,2946.00,0.00,5892.00,54992.00
PR_0823,INV/23-24/15823,2023-05-11,07AAACH8877H1ZU,Hero MotoCorp Ltd,277000.00,12.0,0.00,0.00,33240.00,33240.00,310240.00
PR_0824,INV/23-24/15824,2023-12-28,29AAACI4567A1Z3,Infosys Limited,300800.00,18.0,0.00,0.00,54144.00,54144.00,354944.00
PR_0825,INV/23-24/15825,2023-07-12,27AAACH1111B1Z2,Hindustan Unilever Ltd,250900.00,28.0,35126.00,35126.00,0.00,70252.00,321152.00
PR_0826,INV/23-24/15826,2024-03-26,27AAACB0002G1Z6,Bharat Petroleum Corp Ltd,98500.00,12.0,5910.00,5910.00,0.00,11820.00,110320.00
PR_0827,INV/23-24/15827,2024-01-15,27AAACG9876E1Z9,Godrej Consumer Products Ltd,19200.00,5.0,480.00,480.00,0.00,960.00,20160.00
PR_0828,INV/23-24/15828,2023-12-29,07AAACD5566T1ZE,Dabur India Limited,290800.00,12.0,0.00,0.00,34896.00,34896.00,325696.00
PR_0829,INV/23-24/15829,2023-11-05,06AAACM9900N1ZG,Maruti Suzuki India Ltd,371000.00,18.0,0.00,0.00,66780.00,66780.00,437780.00
PR_0830,INV/23-24/15830,2023-08-08,07AAACH8877H1ZU,Hero MotoCorp Ltd,493300.00,28.0,0.00,0.00,138124.00,138124.00,631424.00
PR_0831,INV/23-24/15831,2023-06-01,32AAACA7788L1ZA,Apollo Tyres Ltd,172500.00,5.0,0.00,0.00,8625.00,8625.00,181125.00
PR_0832,INV/23-24/15832,2023-07-11,24AAACA3322C1ZK,Adani Enterprises Ltd,278400.00,5.0,0.00,0.00,13920.00,13920.00,292320.00
PR_0833,INV/23-24/15833,2023-06-20,08AAACV7766G1ZS,Vedanta Resources Ltd,334700.00,12.0,0.00,0.00,40164.00,40164.00,374864.00
PR_0834,INV/23-24/15834,2023-11-10,27AAACH1111B1Z2,Hindustan Unilever Ltd,327400.00,28.0,45836.00,45836.00,0.00,91672.00,419072.00
PR_0835,INV/23-24/15835,2024-01-25,27AAACM8890K1Z1,Mahindra & Mahindra Logistics Pvt Ltd,294300.00,5.0,7357.50,7357.50,0.00,14715.00,309015.00
PR_0836,INV/23-24/15836,2024-03-24,27AABCR1234D1ZA,Reliance Retail Private Limited,118200.00,12.0,7092.00,7092.00,0.00,14184.00,132384.00
PR_0837,INV/23-24/15837,2023-04-30,32AAACA7788L1ZA,Apollo Tyres Ltd,31200.00,5.0,0.00,0.00,1560.00,1560.00,32760.00
PR_0838,INV/23-24/15838,2023-11-04,27AAACH1111B1Z2,Hindustan Unilever Ltd,344800.00,28.0,48272.00,48272.00,0.00,96544.00,441344.00
PR_0839,INV/23-24/15839,2024-02-15,27AAACL0123M1Z8,Larsen & Toubro Ltd,275600.00,18.0,24804.00,24804.00,0.00,49608.00,325208.00
PR_0840,INV/23-24/15840,2023-05-30,24AAACS4433D1ZM,Sun Pharmaceutical Industries Ltd,60500.00,5.0,0.00,0.00,3025.00,3025.00,63525.00
PR_0841,INV/23-24/15841,2023-12-05,29AAACI4567A1Z3,Infosys Limited,487100.00,28.0,0.00,0.00,136388.00,136388.00,623488.00
PR_0842,INV/23-24/15842,2023-08-08,08AAACV7766G1ZS,Vedanta Resources Ltd,106800.00,28.0,0.00,0.00,29904.00,29904.00,136704.00
PR_0843,INV/23-24/15843,2024-01-25,29AAACI4567A1Z3,Infosys Limited,220100.00,5.0,0.00,0.00,11005.00,11005.00,231105.00
PR_0844,INV/23-24/15844,2024-03-24,24AAACA3322C1ZK,Adani Enterprises Ltd,466100.00,5.0,0.00,0.00,23305.00,23305.00,489405.00
PR_0845,INV/23-24/15845,2023-04-02,07AAACH8877H1ZU,Hero MotoCorp Ltd,475300.00,18.0,0.00,0.00,85554.00,85554.00,560854.00
PR_0846,INV/23-24/15846,2023-09-10,07AAACH2233P1ZC,Havells India Limited,58800.00,12.0,0.00,0.00,7056.00,7056.00,65856.00
PR_0847,INV/23-24/15847,2024-02-07,27AAACB2345H1Z5,Bajaj Electricals Ltd,214300.00,5.0,5357.50,5357.50,0.00,10715.00,225015.00
PR_0848,INV/23-24/15848,2023-08-31,27AAACC5544E1ZO,Cipla Limited,488000.00,5.0,12200.00,12200.00,0.00,24400.00,512400.00
PR_0849,INV/23-24/15849,2024-02-26,27AAACB0002G1Z6,Bharat Petroleum Corp Ltd,188200.00,28.0,26348.00,26348.00,0.00,52696.00,240896.00
PR_0850,INV/23-24/15850,2024-01-28,27AABCR1234D1ZA,Reliance Retail Private Limited,384400.00,12.0,23064.00,23064.00,0.00,46128.00,430528.00
PR_0851,INV/23-24/15851,2023-10-13,29AAACT6677K1Z8,Titan Company Ltd,344600.00,5.0,0.00,0.00,17230.00,17230.00,361830.00
PR_0852,INV/23-24/15852,2023-10-28,27AAACC5544E1ZO,Cipla Limited,88600.00,18.0,7974.00,7974.00,0.00,15948.00,104548.00
PR_0853,INV/23-24/15853,2023-07-20,27AAACB0002G1Z6,Bharat Petroleum Corp Ltd,126600.00,5.0,3165.00,3165.00,0.00,6330.00,132930.00
PR_0854,INV/23-24/15854,2023-12-05,32AAACA7788L1ZA,Apollo Tyres Ltd,45200.00,18.0,0.00,0.00,8136.00,8136.00,53336.00
PR_0855,INV/23-24/15855,2023-07-29,32AAACA7788L1ZA,Apollo Tyres Ltd,208300.00,18.0,0.00,0.00,37494.00,37494.00,245794.00
PR_0856,INV/23-24/15856,2023-07-03,27AAACB2345H1Z5,Bajaj Electricals Ltd,362900.00,18.0,32661.00,32661.00,0.00,65322.00,428222.00
PR_0857,INV/23-24/15857,2024-01-17,27AAACG9876E1Z9,Godrej Consumer Products Ltd,482400.00,18.0,43416.00,43416.00,0.00,86832.00,569232.00
PR_0858,INV/23-24/15858,2023-05-05,27AAACL0123M1Z8,Larsen & Toubro Ltd,17000.00,28.0,2380.00,2380.00,0.00,4760.00,21760.00
PR_0859,INV/23-24/15859,2023-11-07,07AAACH8877H1ZU,Hero MotoCorp Ltd,140200.00,18.0,0.00,0.00,25236.00,25236.00,165436.00
PR_0860,INV/23-24/15860,2023-07-19,08AAACV7766G1ZS,Vedanta Resources Ltd,26500.00,12.0,0.00,0.00,3180.00,3180.00,29680.00
PR_0861,INV/23-24/15861,2023-11-22,29AAACT6677K1Z8,Titan Company Ltd,427300.00,5.0,0.00,0.00,21365.00,21365.00,448665.00
PR_0862,INV/23-24/15862,2023-05-16,24AAACA3322C1ZK,Adani Enterprises Ltd,91500.00,12.0,0.00,0.00,10980.00,10980.00,102480.00
PR_0863,INV/23-24/15863,2024-03-04,07AAACD5566T1ZE,Dabur India Limited,134700.00,5.0,0.00,0.00,6735.00,6735.00,141435.00
PR_0864,INV/23-24/15864,2023-05-19,08AAACV7766G1ZS,Vedanta Resources Ltd,217500.00,5.0,0.00,0.00,10875.00,10875.00,228375.00
PR_0865,INV/23-24/15865,2023-10-07,24AAACA3322C1ZK,Adani Enterprises Ltd,197600.00,5.0,0.00,0.00,9880.00,9880.00,207480.00
PR_0866,INV/23-24/15866,2023-05-28,08AAACV7766G1ZS,Vedanta Resources Ltd,125000.00,28.0,0.00,0.00,35000.00,35000.00,160000.00
PR_0867,INV/23-24/15867,2024-01-01,27AABCR1234D1ZA,Reliance Retail Private Limited,23300.00,28.0,3262.00,3262.00,0.00,6524.00,29824.00
PR_0868,INV/23-24/15868,2023-04-16,06AAACM9900N1ZG,Maruti Suzuki India Ltd,421300.00,18.0,0.00,0.00,75834.00,75834.00,497134.00
PR_0869,INV/23-24/15869,2023-09-03,27AABCR1234D1ZA,Reliance Retail Private Limited,218000.00,28.0,30520.00,30520.00,0.00,61040.00,279040.00
PR_0870,INV/23-24/15870,2023-09-30,27AAACB2345H1Z5,Bajaj Electricals Ltd,374600.00,5.0,9365.00,9365.00,0.00,18730.00,393330.00
PR_0871,INV/23-24/15871,2023-11-12,06AAACM9900N1ZG,Maruti Suzuki India Ltd,472800.00,12.0,0.00,0.00,56736.00,56736.00,529536.00
PR_0872,INV/23-24/15872,2023-04-06,06AAACM9900N1ZG,Maruti Suzuki India Ltd,363500.00,18.0,0.00,0.00,65430.00,65430.00,428930.00
PR_0873,INV/23-24/15873,2023-04-14,24AAACA3322C1ZK,Adani Enterprises Ltd,55500.00,12.0,0.00,0.00,6660.00,6660.00,62160.00
PR_0874,INV/23-24/15874,2023-11-29,27AAACH1111B1Z2,Hindustan Unilever Ltd,348000.00,5.0,8700.00,8700.00,0.00,17400.00,365400.00
PR_0875,INV/23-24/15875,2023-07-02,07AAACH2233P1ZC,Havells India Limited,81700.00,28.0,0.00,0.00,22876.00,22876.00,104576.00
PR_0876,INV/23-24/15876,2023-05-14,27AAACG9876E1Z9,Godrej Consumer Products Ltd,466500.00,28.0,65310.00,65310.00,0.00,130620.00,597120.00
PR_0877,INV/23-24/15877,2024-02-26,27AAACA0001F1Z4,Asian Paints Limited,79900.00,28.0,11186.00,11186.00,0.00,22372.00,102272.00
PR_0878,INV/23-24/15878,2023-12-18,08AAACV7766G1ZS,Vedanta Resources Ltd,134200.00,5.0,0.00,0.00,6710.00,6710.00,140910.00
PR_0879,INV/23-24/15879,2024-02-02,32AAACA7788L1ZA,Apollo Tyres Ltd,140400.00,18.0,0.00,0.00,25272.00,25272.00,165672.00
PR_0880,INV/23-24/15880,2023-12-15,08AAACV7766G1ZS,Vedanta Resources Ltd,463400.00,28.0,0.00,0.00,129752.00,129752.00,593152.00
PR_0881,INV/23-24/15881,2024-01-22,27AAACM8890K1Z1,Mahindra & Mahindra Logistics Pvt Ltd,326200.00,28.0,45668.00,45668.00,0.00,91336.00,417536.00
PR_0882,INV/23-24/15882,2023-08-15,08AAACV7766G1ZS,Vedanta Resources Ltd,45900.00,28.0,0.00,0.00,12852.00,12852.00,58752.00
PR_0883,INV/23-24/15883,2024-03-31,29AAACI4567A1Z3,Infosys Limited,192800.00,18.0,0.00,0.00,34704.00,34704.00,227504.00
PR_0884,INV/23-24/15884,2024-01-23,27AAACL0123M1Z8,Larsen & Toubro Ltd,77400.00,18.0,6966.00,6966.00,0.00,13932.00,91332.00
PR_0885,INV/23-24/15885,2023-11-05,07AAACD5566T1ZE,Dabur India Limited,295400.00,5.0,0.00,0.00,14770.00,14770.00,310170.00
PR_0886,INV/23-24/15886,2024-02-23,29AAACI4567A1Z3,Infosys Limited,457000.00,28.0,0.00,0.00,127960.00,127960.00,584960.00
PR_0887,INV/23-24/15887,2023-08-24,29AAACW1122J1Z7,Wipro Technologies Pvt Ltd,404300.00,12.0,0.00,0.00,48516.00,48516.00,452816.00
PR_0888,INV/23-24/15888,2023-10-11,08AAACV7766G1ZS,Vedanta Resources Ltd,278000.00,12.0,0.00,0.00,33360.00,33360.00,311360.00
PR_0889,INV/23-24/15889,2024-01-23,27AAACU3344R1Z0,UltraTech Cement Ltd,382000.00,5.0,9550.00,9550.00,0.00,19100.00,401100.00
PR_0890,INV/23-24/15890,2023-08-28,08AAACV7766G1ZS,Vedanta Resources Ltd,153800.00,28.0,0.00,0.00,43064.00,43064.00,196864.00
PR_0891,INV/23-24/15891,2024-03-25,19AAACB6655F1ZQ,Britannia Industries Ltd,350400.00,5.0,0.00,0.00,17520.00,17520.00,367920.00
PR_0892,INV/23-24/15892,2023-10-14,19AAACB6655F1ZQ,Britannia Industries Ltd,313200.00,18.0,0.00,0.00,56376.00,56376.00,369576.00
PR_0893,INV/23-24/15893,2024-02-08,24AAACA3322C1ZK,Adani Enterprises Ltd,221900.00,12.0,0.00,0.00,26628.00,26628.00,248528.00
PR_0894,INV/23-24/15894,2023-11-18,07AAACD5566T1ZE,Dabur India Limited,222600.00,5.0,0.00,0.00,11130.00,11130.00,233730.00
PR_0895,INV/23-24/15895,2023-05-04,06AAACM9900N1ZG,Maruti Suzuki India Ltd,129200.00,18.0,0.00,0.00,23256.00,23256.00,152456.00
PR_0896,INV/23-24/15896,2024-01-13,29AAACT6677K1Z8,Titan Company Ltd,130200.00,5.0,0.00,0.00,6510.00,6510.00,136710.00
PR_0897,INV/23-24/15897,2023-06-12,07AAACH2233P1ZC,Havells India Limited,321100.00,5.0,0.00,0.00,16055.00,16055.00,337155.00
PR_0898,INV/23-24/15898,2023-08-03,27AAACB2345H1Z5,Bajaj Electricals Ltd,480100.00,18.0,43209.00,43209.00,0.00,86418.00,566518.00
PR_0899,INV/23-24/15899,2024-01-03,19AAACB6655F1ZQ,Britannia Industries Ltd,230400.00,28.0,0.00,0.00,64512.00,64512.00,294912.00
PR_0900,INV/23-24/15900,2023-12-14,24AAACA3322C1ZK,Adani Enterprises Ltd,5200.00,12.0,0.00,0.00,624.00,624.00,5824.00
PR_0901,INV/23-24/15901,2023-12-30,24AAACS4433D1ZM,Sun Pharmaceutical Industries Ltd,222800.00,12.0,0.00,0.00,26736.00,26736.00,249536.00
PR_0902,INV/23-24/15902,2023-11-10,27AAACB0002G1Z6,Bharat Petroleum Corp Ltd,38600.00,12.0,2316.00,2316.00,0.00,4632.00,43232.00
PR_0903,INV/23-24/15903,2023-12-02,27AAACM8890K1Z1,Mahindra & Mahindra Logistics Pvt Ltd,328700.00,18.0,29583.00,29583.00,0.00,59166.00,387866.00
PR_0904,INV/23-24/15904,2024-01-20,27AAACM8890K1Z1,Mahindra & Mahindra Logistics Pvt Ltd,498100.00,28.0,69734.00,69734.00,0.00,139468.00,637568.00
PR_0905,INV/23-24/15905,2024-02-14,27AABCR1234D1ZA,Reliance Retail Private Limited,23000.00,28.0,3220.00,3220.00,0.00,6440.00,29440.00
PR_0906,INV/23-24/15906,2023-05-08,27AABCR1234D1ZA,Reliance Retail Private Limited,250600.00,5.0,6265.00,6265.00,0.00,12530.00,263130.00
PR_0907,INV/23-24/15907,2023-08-06,27AAACG9876E1Z9,Godrej Consumer Products Ltd,485400.00,5.0,12135.00,12135.00,0.00,24270.00,509670.00
PR_0908,INV/23-24/15908,2024-03-31,27AAACU3344R1Z0,UltraTech Cement Ltd,172500.00,12.0,10350.00,10350.00,0.00,20700.00,193200.00
PR_0909,INV/23-24/15909,2023-07-19,07AAACD5566T1ZE,Dabur India Limited,195500.00,5.0,0.00,0.00,9775.00,9775.00,205275.00
PR_0910,INV/23-24/15910,2023-09-22,32AAACA7788L1ZA,Apollo Tyres Ltd,5300.00,28.0,0.00,0.00,1484.00,1484.00,6784.00
PR_0911,INV/23-24/15911,2023-08-09,27AAACB2345H1Z5,Bajaj Electricals Ltd,40800.00,12.0,2448.00,2448.00,0.00,4896.00,45696.00
PR_0912,INV/23-24/15912,2023-09-18,07AAACH2233P1ZC,Havells India Limited,333100.00,5.0,0.00,0.00,16655.00,16655.00,349755.00
PR_0913,INV/23-24/15913,2023-10-02,29AAGCB1234K1ZY,Swiggy Bundl Technologies Pvt Ltd,140600.00,5.0,0.00,0.00,7030.00,7030.00,147630.00
PR_0914,INV/23-24/15914,2023-06-14,27AAACH1111B1Z2,Hindustan Unilever Ltd,410900.00,18.0,36981.00,36981.00,0.00,73962.00,484862.00
PR_0915,INV/23-24/15915,2023-11-06,27AAACH1111B1Z2,Hindustan Unilever Ltd,84700.00,5.0,2117.50,2117.50,0.00,4235.00,88935.00
PR_0916,INV/23-24/15916,2024-03-22,07AAACH2233P1ZC,Havells India Limited,163300.00,5.0,0.00,0.00,8165.00,8165.00,171465.00
PR_0917,INV/23-24/15917,2024-01-16,27AAACA0001F1Z4,Asian Paints Limited,28100.00,18.0,2529.00,2529.00,0.00,5058.00,33158.00
PR_0918,INV/23-24/15918,2023-11-27,07AAACD5566T1ZE,Dabur India Limited,56700.00,28.0,0.00,0.00,15876.00,15876.00,72576.00
PR_0919,INV/23-24/15919,2023-12-21,29AAGCB1234K1ZY,Swiggy Bundl Technologies Pvt Ltd,58500.00,28.0,0.00,0.00,16380.00,16380.00,74880.00
PR_0920,INV/23-24/15920,2024-01-01,27AAACM8890K1Z1,Mahindra & Mahindra Logistics Pvt Ltd,492000.00,18.0,44280.00,44280.00,0.00,88560.00,580560.00
PR_0921,INV/23-24/15921,2024-01-03,24AAACS4433D1ZM,Sun Pharmaceutical Industries Ltd,452800.00,5.0,0.00,0.00,22640.00,22640.00,475440.00
PR_0922,INV/23-24/15922,2023-11-23,07AAACZ9988J1ZW,Zomato Private Limited,333200.00,5.0,0.00,0.00,16660.00,16660.00,349860.00
PR_0923,INV/23-24/15923,2023-08-18,24AAACA3322C1ZK,Adani Enterprises Ltd,84300.00,12.0,0.00,0.00,10116.00,10116.00,94416.00
PR_0924,INV/23-24/15924,2023-10-29,27AABCR1234D1ZA,Reliance Retail Private Limited,226800.00,28.0,31752.00,31752.00,0.00,63504.00,290304.00
PR_0925,INV/23-24/15925,2023-09-15,06AAACM9900N1ZG,Maruti Suzuki India Ltd,190500.00,5.0,0.00,0.00,9525.00,9525.00,200025.00
PR_0926,INV/23-24/15926,2024-02-15,27AAACC5544E1ZO,Cipla Limited,328100.00,12.0,19686.00,19686.00,0.00,39372.00,367472.00
PR_0927,INV/23-24/15927,2023-11-03,27AAACB0002G1Z6,Bharat Petroleum Corp Ltd,452200.00,18.0,40698.00,40698.00,0.00,81396.00,533596.00
PR_0928,INV/23-24/15928,2023-10-20,27AAACC5544E1ZO,Cipla Limited,481500.00,12.0,28890.00,28890.00,0.00,57780.00,539280.00
PR_0929,INV/23-24/15929,2023-12-16,07AAACH8877H1ZU,Hero MotoCorp Ltd,260200.00,28.0,0.00,0.00,72856.00,72856.00,333056.00
PR_0930,INV/23-24/15930,2023-09-15,27AAACB0002G1Z6,Bharat Petroleum Corp Ltd,78900.00,18.0,7101.00,7101.00,0.00,14202.00,93102.00
PR_0931,INV/23-24/15931,2024-03-03,07AAACH2233P1ZC,Havells India Limited,261800.00,18.0,0.00,0.00,47124.00,47124.00,308924.00
PR_0932,INV/23-24/15932,2024-02-09,29AAACI4567A1Z3,Infosys Limited,106600.00,5.0,0.00,0.00,5330.00,5330.00,111930.00
PR_0933,INV/23-24/15933,2024-03-17,27AAACM8890K1Z1,Mahindra & Mahindra Logistics Pvt Ltd,52900.00,12.0,3174.00,3174.00,0.00,6348.00,59248.00
PR_0934,INV/23-24/15934,2023-08-05,29AAGCB1234K1ZY,Swiggy Bundl Technologies Pvt Ltd,300900.00,28.0,0.00,0.00,84252.00,84252.00,385152.00
PR_0935,INV/23-24/15935,2023-09-27,07AAACH8877H1ZU,Hero MotoCorp Ltd,41400.00,28.0,0.00,0.00,11592.00,11592.00,52992.00
PR_0936,INV/23-24/15936,2023-05-11,27AAACL0123M1Z8,Larsen & Toubro Ltd,393600.00,5.0,9840.00,9840.00,0.00,19680.00,413280.00
PR_0937,INV/23-24/15937,2024-01-31,07AAACD5566T1ZE,Dabur India Limited,191000.00,5.0,0.00,0.00,9550.00,9550.00,200550.00
PR_0938,INV/23-24/15938,2023-11-02,29AAGCB1234K1ZY,Swiggy Bundl Technologies Pvt Ltd,174600.00,28.0,0.00,0.00,48888.00,48888.00,223488.00
PR_0939,INV/23-24/15939,2024-03-29,07AAACH2233P1ZC,Havells India Limited,341500.00,12.0,0.00,0.00,40980.00,40980.00,382480.00
PR_0940,INV/23-24/15940,2023-12-20,19AAACB6655F1ZQ,Britannia Industries Ltd,86900.00,12.0,0.00,0.00,10428.00,10428.00,97328.00
PR_0941,INV/23-24/15941,2023-10-08,24AAACS4433D1ZM,Sun Pharmaceutical Industries Ltd,273400.00,18.0,0.00,0.00,49212.00,49212.00,322612.00
PR_0942,INV/23-24/15942,2023-12-05,27AAACC5544E1ZO,Cipla Limited,315400.00,5.0,7885.00,7885.00,0.00,15770.00,331170.00
PR_0943,INV/23-24/15943,2024-01-30,27AAACT2727Q1ZW,Tata Consultancy Services Ltd,25200.00,5.0,630.00,630.00,0.00,1260.00,26460.00
PR_0944,INV/23-24/15944,2023-08-31,19AAACB6655F1ZQ,Britannia Industries Ltd,116300.00,18.0,0.00,0.00,20934.00,20934.00,137234.00
PR_0945,INV/23-24/15945,2023-04-25,06AAACM9900N1ZG,Maruti Suzuki India Ltd,151500.00,18.0,0.00,0.00,27270.00,27270.00,178770.00
PR_0946,INV/23-24/15946,2024-03-15,27AAACA0001F1Z4,Asian Paints Limited,312200.00,28.0,43708.00,43708.00,0.00,87416.00,399616.00
PR_0947,INV/23-24/15947,2023-12-11,27AAACH1111B1Z2,Hindustan Unilever Ltd,358300.00,28.0,50162.00,50162.00,0.00,100324.00,458624.00
PR_0948,INV/23-24/15948,2023-11-10,07AAACD5566T1ZE,Dabur India Limited,272700.00,5.0,0.00,0.00,13635.00,13635.00,286335.00
PR_0949,INV/23-24/15949,2023-09-07,27AAACH1111B1Z2,Hindustan Unilever Ltd,16700.00,12.0,1002.00,1002.00,0.00,2004.00,18704.00
PR_0950,INV/23-24/15950,2023-12-07,07AAACH2233P1ZC,Havells India Limited,303300.00,28.0,0.00,0.00,84924.00,84924.00,388224.00
PR_0951,INV/23-24/15951,2023-11-17,07AAACH2233P1ZC,Havells India Limited,472900.00,5.0,0.00,0.00,23645.00,23645.00,496545.00
PR_0952,INV/23-24/15952,2023-07-08,27AAACA0001F1Z4,Asian Paints Limited,185800.00,18.0,16722.00,16722.00,0.00,33444.00,219244.00
PR_0953,INV/23-24/15953,2023-06-06,06AAACM9900N1ZG,Maruti Suzuki India Ltd,353200.00,5.0,0.00,0.00,17660.00,17660.00,370860.00
PR_0954,INV/23-24/15954,2023-10-25,29AAACW1122J1Z7,Wipro Technologies Pvt Ltd,216400.00,18.0,0.00,0.00,38952.00,38952.00,255352.00
PR_0955,INV/23-24/15955,2023-11-01,27AAACB0002G1Z6,Bharat Petroleum Corp Ltd,155900.00,12.0,9354.00,9354.00,0.00,18708.00,174608.00
PR_0956,INV/23-24/15956,2023-05-26,07AAACH2233P1ZC,Havells India Limited,49300.00,18.0,0.00,0.00,8874.00,8874.00,58174.00
PR_0957,INV/23-24/15957,2024-02-06,27AAACB0002G1Z6,Bharat Petroleum Corp Ltd,499500.00,18.0,44955.00,44955.00,0.00,89910.00,589410.00
PR_0958,INV/23-24/15958,2023-04-05,27AAACU3344R1Z0,UltraTech Cement Ltd,48900.00,12.0,2934.00,2934.00,0.00,5868.00,54768.00
PR_0959,INV/23-24/15959,2023-07-05,08AAACV7766G1ZS,Vedanta Resources Ltd,136200.00,28.0,0.00,0.00,38136.00,38136.00,174336.00
PR_0960,INV/23-24/15960,2023-08-29,27AAACL0123M1Z8,Larsen & Toubro Ltd,129600.00,12.0,7776.00,7776.00,0.00,15552.00,145152.00
PR_0961,INV/23-24/15961,2023-12-01,27AAACB2345H1Z5,Bajaj Electricals Ltd,355700.00,28.0,49798.00,49798.00,0.00,99596.00,455296.00
PR_0962,INV/23-24/15962,2023-10-23,07AAACH8877H1ZU,Hero MotoCorp Ltd,259400.00,28.0,0.00,0.00,72632.00,72632.00,332032.00
PR_0963,INV/23-24/15963,2023-10-17,27AAACM8890K1Z1,Mahindra & Mahindra Logistics Pvt Ltd,60100.00,18.0,5409.00,5409.00,0.00,10818.00,70918.00
PR_0964,INV/23-24/15964,2023-06-30,27AAACT2727Q1ZW,Tata Consultancy Services Ltd,69700.00,5.0,1742.50,1742.50,0.00,3485.00,73185.00
PR_0965,INV/23-24/15965,2023-10-08,27AAACH1111B1Z2,Hindustan Unilever Ltd,80600.00,5.0,2015.00,2015.00,0.00,4030.00,84630.00
PR_0966,INV/23-24/15966,2023-12-21,06AAACM9900N1ZG,Maruti Suzuki India Ltd,441900.00,18.0,0.00,0.00,79542.00,79542.00,521442.00
PR_0967,INV/23-24/15967,2023-04-04,19AAACB6655F1ZQ,Britannia Industries Ltd,54100.00,28.0,0.00,0.00,15148.00,15148.00,69248.00
PR_0968,INV/23-24/15968,2023-11-29,29AAGCB1234K1ZY,Swiggy Bundl Technologies Pvt Ltd,93700.00,5.0,0.00,0.00,4685.00,4685.00,98385.00
PR_0969,INV/23-24/15969,2024-03-30,24AAACS4433D1ZM,Sun Pharmaceutical Industries Ltd,399100.00,28.0,0.00,0.00,111748.00,111748.00,510848.00
PR_0970,INV/23-24/15970,2023-05-11,32AAACA7788L1ZA,Apollo Tyres Ltd,165400.00,12.0,0.00,0.00,19848.00,19848.00,185248.00
PR_0971,INV/23-24/15971,2023-04-07,27AAACB2345H1Z5,Bajaj Electricals Ltd,368700.00,18.0,33183.00,33183.00,0.00,66366.00,435066.00
PR_0972,INV/23-24/15972,2023-10-27,27AAACH1111B1Z2,Hindustan Unilever Ltd,115500.00,28.0,16170.00,16170.00,0.00,32340.00,147840.00
PR_0973,INV/23-24/15973,2023-05-09,27AAACH1111B1Z2,Hindustan Unilever Ltd,353100.00,12.0,21186.00,21186.00,0.00,42372.00,395472.00
PR_0974,INV/23-24/15974,2023-04-28,27AAACM8890K1Z1,Mahindra & Mahindra Logistics Pvt Ltd,139800.00,5.0,3495.00,3495.00,0.00,6990.00,146790.00
PR_0975,INV/23-24/15975,2023-12-02,27AAACG9876E1Z9,Godrej Consumer Products Ltd,192400.00,18.0,17316.00,17316.00,0.00,34632.00,227032.00
PR_0976,INV/23-24/15976,2023-09-25,07AAACH2233P1ZC,Havells India Limited,357300.00,12.0,0.00,0.00,42876.00,42876.00,400176.00
PR_0977,INV/23-24/15977,2024-01-09,29AAGCB1234K1ZY,Swiggy Bundl Technologies Pvt Ltd,382800.00,5.0,0.00,0.00,19140.00,19140.00,401940.00
PR_0978,INV/23-24/15978,2023-08-14,27AAACU3344R1Z0,UltraTech Cement Ltd,306800.00,12.0,18408.00,18408.00,0.00,36816.00,343616.00
PR_0979,INV/23-24/15979,2023-06-05,06AAACM9900N1ZG,Maruti Suzuki India Ltd,258700.00,12.0,0.00,0.00,31044.00,31044.00,289744.00
PR_0980,INV/23-24/15980,2023-09-14,27AAACL0123M1Z8,Larsen & Toubro Ltd,417400.00,12.0,25044.00,25044.00,0.00,50088.00,467488.00
PR_0981,INV/23-24/15981,2023-04-25,27AAACH1111B1Z2,Hindustan Unilever Ltd,224800.00,18.0,20232.00,20232.00,0.00,40464.00,265264.00
PR_0982,INV/23-24/15982,2023-09-04,29AAACI4567A1Z3,Infosys Limited,213400.00,28.0,0.00,0.00,59752.00,59752.00,273152.00
PR_0983,INV/23-24/15983,2024-02-28,19AAACB6655F1ZQ,Britannia Industries Ltd,238600.00,18.0,0.00,0.00,42948.00,42948.00,281548.00
PR_0984,INV/23-24/15984,2023-07-10,29AAACT6677K1Z8,Titan Company Ltd,124300.00,18.0,0.00,0.00,22374.00,22374.00,146674.00
PR_0985,INV/23-24/15985,2023-07-09,27AABCR1234D1ZA,Reliance Retail Private Limited,119600.00,5.0,2990.00,2990.00,0.00,5980.00,125580.00
PR_0986,INV/23-24/15986,2024-01-01,27AAACM8890K1Z1,Mahindra & Mahindra Logistics Pvt Ltd,238800.00,28.0,33432.00,33432.00,0.00,66864.00,305664.00
PR_0987,INV/23-24/15987,2023-11-17,27AAACC5544E1ZO,Cipla Limited,74500.00,28.0,10430.00,10430.00,0.00,20860.00,95360.00
PR_0988,INV/23-24/15988,2023-08-03,29AAACT6677K1Z8,Titan Company Ltd,173900.00,28.0,0.00,0.00,48692.00,48692.00,222592.00
PR_0989,INV/23-24/15989,2023-12-07,08AAACV7766G1ZS,Vedanta Resources Ltd,141200.00,18.0,0.00,0.00,25416.00,25416.00,166616.00
PR_0990,INV/23-24/15990,2024-01-10,27AAACB2345H1Z5,Bajaj Electricals Ltd,161900.00,5.0,4047.50,4047.50,0.00,8095.00,169995.00
PR_0991,INV/23-24/15991,2023-05-08,24AAACA3322C1ZK,Adani Enterprises Ltd,144000.00,28.0,0.00,0.00,40320.00,40320.00,184320.00
PR_0992,INV/23-24/15992,2024-03-01,32AAACA7788L1ZA,Apollo Tyres Ltd,15300.00,18.0,0.00,0.00,2754.00,2754.00,18054.00
PR_0993,INV/23-24/15993,2023-04-22,27AABCR1234D1ZA,Reliance Retail Private Limited,207200.00,28.0,29008.00,29008.00,0.00,58016.00,265216.00
PR_0994,INV/23-24/15994,2023-04-17,27AAACH1111B1Z2,Hindustan Unilever Ltd,164200.00,18.0,14778.00,14778.00,0.00,29556.00,193756.00
PR_0995,INV/23-24/15995,2024-01-05,27AAACB0002G1Z6,Bharat Petroleum Corp Ltd,271200.00,12.0,16272.00,16272.00,0.00,32544.00,303744.00
PR_0996,INV/23-24/15996,2024-02-14,06AAACM9900N1ZG,Maruti Suzuki India Ltd,223500.00,12.0,0.00,0.00,26820.00,26820.00,250320.00
PR_0997,INV/23-24/15997,2023-09-04,29AAACW1122J1Z7,Wipro Technologies Pvt Ltd,193000.00,18.0,0.00,0.00,34740.00,34740.00,227740.00
PR_0998,INV/23-24/15998,2023-12-20,27AAACT2727Q1ZW,Tata Consultancy Services Ltd,90000.00,5.0,2250.00,2250.00,0.00,4500.00,94500.00
PR_0999,INV/23-24/15999,2023-11-29,27AABCR1234D1ZA,Reliance Retail Private Limited,365800.00,28.0,51212.00,51212.00,0.00,102424.00,468224.00
PR_1000,INV/23-24/16000,2023-05-05,06AAACM9900N1ZG,Maruti Suzuki India Ltd,426200.00,18.0,0.00,0.00,76716.00,76716.00,502916.00
