id,invoice_number,invoice_date,gstin,supplier_name,taxable_value,rate,cgst,sgst,igst,total_tax,total_amount
2B_0674,INV/23-24/16674,2023-08-02,27AAACH1111B1Z2,HINDUSTAN UNILEVER PRIVATE LIMITED,359900.00,28.0,50386.00,50386.00,0.00,100772.00,460672.00
2B_0245,INV/23-24/16245,2023-09-15,27AAACB0002G1Z6,Bharat Petroleum Corp Ltd,416500.00,5.0,10412.50,10412.50,0.00,20825.00,437325.00
2B_0218,INV/23-24/16218,2023-08-08,27AAACH1111B1Z2,Hindustan Unilever Ltd,253200.00,18.0,22788.00,22788.00,0.00,45576.00,298776.00
2B_0723,INV/23-24/16723,2023-10-23,32AAACA7788L1ZA,Apollo Tyres Ltd,195100.00,18.0,0.00,0.00,35118.00,35118.00,230218.00
2B_0482,INV/23-24/16482,2023-06-16,27AAACC5544E1ZO,Cipla Limited,5900.00,18.0,531.00,531.00,0.00,1062.00,6962.00
2B_0953,INV/23-24/16953,2023-07-28,27AAACB2345H1Z5,Bajaj Electricals Ltd,280900.00,12.0,16854.00,16854.00,0.00,33708.00,314608.00
2B_0952,INV/23-24/16952,2023-12-22,07AAACH2233P1ZC,Havells India Limited,50500.00,12.0,0.00,0.00,6060.00,6060.00,56560.00
2B_0675,INV/23-24/16675,2023-07-23,24AAACA3322C1ZK,Adani Enterprises Ltd,447300.00,5.0,0.00,0.00,22365.00,22365.00,469665.00
2B_0971,INV/23-24/16971,2024-03-21,27AAACB2345H1Z5,Bajaj Electricals Ltd,125100.00,5.0,3127.50,3127.50,0.00,6255.00,131355.00
2B_0726,INV/23-24/16726,2023-05-23,27AAACB0002G1Z6,Bharat Petroleum Corp Ltd,318800.00,18.0,28692.00,28692.00,0.00,57384.00,376184.00
2B_0249,INV/23-24/16249,2023-11-16,27AAACC5544E1ZO,Cipla Limited,216600.00,5.0,5415.00,5415.00,0.00,10830.00,227430.00
2B_0762,INV/23-24/16762,2023-08-26,29AAACW1122J1Z7,Wipro Technologies Pvt Ltd,76400.00,18.0,0.00,0.00,13752.00,13752.00,90152.00
2B_0348,INV/23-24/16348,2023-05-30,27AAACH1111B1Z2,Hindustan Unilever Ltd,376300.00,18.0,33867.00,33867.00,0.00,67734.00,444034.00
2B_0788,INV/23-24/16788,2024-03-30,27AAACC5544E1ZO,Cipla Limited,236900.00,18.0,21321.00,21321.00,0.00,42642.00,279542.00
2B_0394,INV/23-24/16394,2024-01-30,29AAGCB1234K1ZY,Swiggy Bundl Technologies Pvt Ltd,31000.00,5.0,0.00,0.00,1550.00,1550.00,32550.00
2B_0236,INV/23-24/16236,2023-08-06,27AAACC5544E1ZO,Cipla Limited,7700.00,5.0,192.50,192.50,0.00,385.00,8085.00
2B_0198,INV/23-24/16198,2024-02-03,27AAACB0002G1Z6,Bharat Petroleum Corp Ltd,457900.00,18.0,41211.00,41211.00,0.00,82422.00,540322.00
2B_0791,INV/23-24/16791,2023-07-10,27AAACH1111B1Z2,Hindustan Unilever Ltd,100200.00,18.0,9018.00,9018.00,0.00,18036.00,118236.00
2B_0517,16517,2023-06-18,27AAACB0002G1Z6,Bharat Petroleum Corp Ltd,332800.00,18.0,29952.00,29952.00,0.00,59904.00,392704.00
2B_0137,INV/23-24/16137,2023-12-20,06AAACM9900N1ZG,Maruti Suzuki India Ltd,136700.00,5.0,0.00,0.00,6835.00,6835.00,143535.00
2B_0867,INV/23-24/16867,2024-02-10,27AAACB0002G1Z6,Bharat Petroleum Corp Ltd,57000.00,12.0,3420.00,3420.00,0.00,6840.00,63840.00
2B_0526,INV/23-24/16526,2023-09-05,27AAACG9876E1Z9,Godrej Consumer Products Ltd,48900.00,18.0,4401.00,4401.00,0.00,8802.00,57702.00
2B_0044,INV/23-24/16044,2023-09-09,27AAACM8890K1Z1,Mahindra & Mahindra Logistics Pvt Ltd,289500.00,28.0,40530.00,40530.00,0.00,81060.00,370560.00
2B_0908,INV/23-24/16908,2024-02-27,29AAACI4567A1Z3,Infosys Limited,313600.00,12.0,0.00,0.00,37632.00,37632.00,351232.00
2B_0339,INV/23-24/16339,2023-05-10,27AAACH1111B1Z2,Hindustan Unilever Ltd,342600.00,5.0,8565.00,8565.00,0.00,17130.00,359730.00
2B_0816,INV/23-24/16816,2023-09-12,27AAACB0002G1Z6,Bharat Petroleum Corp Ltd,197000.00,18.0,17730.00,17730.00,0.00,35460.00,232460.00
2B_0866,INV/23-24/16866,2023-04-14,27AAACU3344R1Z0,UltraTech Cement Ltd,373300.00,28.0,52262.00,52262.00,0.00,104524.00,477824.00
2B_0101,INV/23-24/16101,2023-06-20,19AAACB6655F1ZQ,Britannia Industries Ltd,474100.00,18.0,0.00,0.00,85338.00,85338.00,559438.00
2B_0417,INV/23-24/16417,2024-01-26,07AAACH2233P1ZC,Havells India Limited,180800.00,12.0,0.00,0.00,21696.00,21696.00,202496.00
2B_0779,INV/23-24/16779,2024-03-16,27AAACH1111B1Z2,Hindustan Unilever Ltd,95800.00,28.0,13412.00,13412.00,0.00,26824.00,122624.00
2B_0131,INV/23-24/16131,2023-08-24,27AAACA0001F1Z4,Asian Paints Limited,42200.00,5.0,1055.00,1055.00,0.00,2110.00,44310.00
2B_0834,INV/23-24/16834,2023-04-18,27AAACU3344R1Z0,UltraTech Cement Ltd,355900.00,28.0,49826.00,49826.00,0.00,99652.00,455552.00
2B_0554,16554,2024-01-27,27AAACL0123M1Z8,Larsen & Toubro Ltd,86000.00,28.0,12040.00,12040.00,0.00,24080.00,110080.00
2B_0617,INV/23-24/16617,2024-03-06,19AAACB6655F1ZQ,Britannia Industries Ltd,398850.00,12.0,0.00,0.00,47862.00,47862.00,446712.00
2B_0883,INV/23-24/16883,2024-02-22,19AAACB6655F1ZQ,Britannia Industries Ltd,429000.00,12.0,0.00,0.00,51480.00,51480.00,480480.00
2B_0350,INV/23-24/16350,2023-10-28,27AAACG9876E1Z9,Godrej Consumer Products Ltd,476300.00,5.0,11907.50,11907.50,0.00,23815.00,500115.00
2B_0717,INV/23-24/16717,2023-06-21,27AAACA0001F1Z4,Asian Paints Limited,232600.00,18.0,20934.00,20934.00,0.00,41868.00,274468.00
2B_0759,INV/23-24/16759,2023-10-28,29AAACT6677K1Z8,Titan Company Ltd,457500.00,12.0,0.00,0.00,54900.00,54900.00,512400.00
2B_0794,INV/23-24/16794,2023-11-03,32AAACA7788L1ZA,Apollo Tyres Ltd,30900.00,28.0,0.00,0.00,8652.00,8652.00,39552.00
2B_0483,INV/23-24/16483,2023-12-28,27AAACB0002G1Z6,Bharat Petroleum Corp Ltd,32500.00,12.0,1950.00,1950.00,0.00,3900.00,36400.00
2B_0660,INV/23-24/16660,2023-04-05,27AAACL0123M1Z8,Larsen & Toubro Ltd,478900.00,28.0,67046.00,67046.00,0.00,134092.00,612992.00
2B_0531,INV/23-24/16531,2023-10-22,24AAACS4433D1ZM,Sun Pharmaceutical Industries Ltd,19000.00,12.0,0.00,0.00,2280.00,2280.00,21280.00
2B_0379,INV/23-24/16379,2024-02-13,24AAACA3322C1ZK,Adani Enterprises Ltd,53700.00,5.0,0.00,0.00,2685.00,2685.00,56385.00
2B_0578,INV/23-24/16578,2024-02-03,27AAACB0002G1Z6,Bharat Petroleum Corp Ltd,319900.00,5.0,7997.50,7997.50,0.00,15995.00,335895.00
2B_0552,INV/23-24/16552,2023-07-17,27AAACH1111B1Z2,Hindustan Unilever Ltd,15800.00,5.0,395.00,395.00,0.00,790.00,16590.00
2B_0393,INV/23-24/16393,2023-06-17,29AAACT6677K1Z8,Titan Company Ltd,50900.00,12.0,0.00,0.00,6108.00,6108.00,57008.00
2B_0381,INV/23-24/16381,2024-01-04,27AAACM8890K1Z1,Mahindra & Mahindra Logistics Pvt Ltd,231900.00,12.0,13914.00,13914.00,0.00,27828.00,259728.00
2B_0604,INV/23-24/16604,2023-12-09,29AAGCB1234K1ZY,Swiggy Bundl Technologies Pvt Ltd,372800.00,5.0,0.00,0.00,18640.00,18640.00,391440.00
2B_0568,INV/23-24/16568,2024-01-27,27AAACM8890K1Z1,Mahindra & Mahindra Logistics Pvt Ltd,493000.00,12.0,29580.00,29580.00,0.00,59160.00,552160.00
2B_0957,INV/23-24/16957,2023-10-23,29AAGCB1234K1ZY,Swiggy Bundl Technologies Pvt Ltd,308100.00,28.0,0.00,0.00,86268.00,86268.00,394368.00
2B_0277,INV/23-24/16277,2023-04-27,07AAACD5566T1ZE,Dabur India Limited,284700.00,18.0,0.00,0.00,51246.00,51246.00,335946.00
2B_0462,INV/23-24/16462,2024-01-04,27AAACT2727Q1ZW,Tata Consultancy Services Ltd,250900.00,18.0,22581.00,22581.00,0.00,45162.00,296062.00
2B_0444,INV/23-24/16444,2023-11-16,06AAACM9900N1ZG,Maruti Suzuki India Ltd,226500.00,28.0,0.00,0.00,63420.00,63420.00,289920.00
2B_0962,INV/23-24/16962,2023-04-04,32AAACA7788L1ZA,Apollo Tyres Ltd,242800.00,12.0,0.00,0.00,29136.00,29136.00,271936.00
2B_0252,INV/23-24/16252,2023-11-11,29AAGCB1234K1ZY,Swiggy Bundl Technologies Pvt Ltd,248700.00,12.0,0.00,0.00,29844.00,29844.00,278544.00
2B_0880,INV/23-24/16880,2023-06-19,32AAACA7788L1ZA,Apollo Tyres Ltd,495700.00,5.0,0.00,0.00,24785.00,24785.00,520485.00
2B_0684,INV/23-24/16684,2023-11-01,29AAACI4567A1Z3,Infosys Limited,357600.00,12.0,0.00,0.00,42912.00,42912.00,400512.00
2B_0162,INV/23-24/16162,2023-12-01,29AAACT6677K1Z8,Titan Company Ltd,437800.00,5.0,0.00,0.00,21890.00,21890.00,459690.00
2B_0712,INV/23-24/16712,2023-09-18,24AAACS4433D1ZM,Sun Pharmaceutical Industries Ltd,368900.00,5.0,0.00,0.00,18445.00,18445.00,387345.00
2B_0916,INV/23-24/16916,2024-01-05,27AAACB0002G1Z6,Bharat Petroleum Corp Ltd,422800.00,18.0,38052.00,38052.00,0.00,76104.00,498904.00
2B_0705,INV/23-24/16705,2024-02-14,24AAACS4433D1ZM,Sun Pharmaceutical Industries Ltd,175500.00,18.0,0.00,0.00,31590.00,31590.00,207090.00
2B_0863,INV/23-24/16863,2024-03-11,07AAACH8877H1ZU,Hero MotoCorp Ltd,76300.00,12.0,0.00,0.00,9156.00,9156.00,85456.00
2B_0376,INV/23-24/16376,2024-03-26,29AAACI4567A1Z3,Infosys Limited,489600.00,28.0,0.00,0.00,137088.00,137088.00,626688.00
2B_0465,INV/23-24/16465,2023-08-06,27AAACT2727Q1ZW,Tata Consultancy Services Ltd,184500.00,18.0,16605.00,16605.00,0.00,33210.00,217710.00
2B_0931,INV/23-24/16931,2024-02-03,08AAACV7766G1ZS,Vedanta Resources Ltd,486600.00,12.0,0.00,0.00,58392.00,58392.00,544992.00
2B_0629,INV/23-24/16629,2023-07-16,07AAACH8877H1ZU,Hero MotoCorp Ltd,282100.00,12.0,0.00,0.00,33852.00,33852.00,315952.00
2B_0386,INV/23-24/16386,2023-04-08,27AAACM8890K1Z1,Mahindra & Mahindra Logistics Pvt Ltd,242200.00,12.0,14532.00,14532.00,0.00,29064.00,271264.00
2B_0050,INV/23-24/16050,2023-06-05,07AAACH8877H1ZU,Hero MotoCorp Ltd,43200.00,12.0,0.00,0.00,5184.00,5184.00,48384.00
2B_0546,INV/23-24/16546,2024-02-07,27AAACB0002G1Z6,Bharat Petroleum Corp Ltd,259700.00,5.0,6492.50,6492.50,0.00,12985.00,272685.00
2B_0739,INV/23-24/16739,2024-02-16,27AABCR1234D1ZA,Reliance Retail Private Limited,213300.00,12.0,12798.00,12798.00,0.00,25596.00,238896.00
2B_0548,INV/23-24/16548,2024-03-31,32AAACA7788L1ZA,Apollo Tyres Ltd,86950.00,12.0,0.00,0.00,10434.00,10434.00,97384.00
2B_0195,INV/23-24/16195,2023-09-15,19AAACB6655F1ZQ,Britannia Industries Ltd,12600.00,28.0,0.00,0.00,3528.00,3528.00,16128.00
2B_0123,INV/23-24/16123,2023-09-08,06AAACM9900N1ZG,Maruti Suzuki India Ltd,205300.00,28.0,0.00,0.00,57484.00,57484.00,262784.00
2B_0407,INV/23-24/16407,2023-06-12,19AAACB6655F1ZQ,Britannia Industries Ltd,411000.00,28.0,0.00,0.00,115080.00,115080.00,526080.00
2B_0941,INV/23-24/16941,2023-08-27,27AAACT2727Q1ZW,Tata Consultancy Services Ltd,59400.00,5.0,1485.00,1485.00,0.00,2970.00,62370.00
2B_0151,INV/23-24/16151,2023-07-26,29AAGCB1234K1ZY,Swiggy Bundl Technologies Pvt Ltd,204900.00,28.0,0.00,0.00,57372.00,57372.00,262272.00
2B_0900,INV/23-24/16900,2024-03-14,27AAACH1111B1Z2,Hindustan Unilever Ltd,432500.00,18.0,38925.00,38925.00,0.00,77850.00,510350.00
2B_0899,INV/23-24/16899,2024-02-23,07AAACH2233P1ZC,Havells India Limited,155600.00,28.0,0.00,0.00,43568.00,43568.00,199168.00
2B_0066,INV/23-24/16066,2024-02-16,29AAACW1122J1Z7,Wipro Technologies Pvt Ltd,208500.00,28.0,0.00,0.00,58380.00,58380.00,266880.00
2B_0877,INV/23-24/16877,2024-03-02,19AAACB6655F1ZQ,Britannia Industries Ltd,480800.00,18.0,0.00,0.00,86544.00,86544.00,567344.00
2B_0926,INV/23-24/16926,2023-06-24,27AAACC5544E1ZO,Cipla Limited,156100.00,28.0,21854.00,21854.00,0.00,43708.00,199808.00
2B_0968,INV/23-24/16968,2023-05-08,32AAACA7788L1ZA,Apollo Tyres Ltd,143900.00,12.0,0.00,0.00,17268.00,17268.00,161168.00
2B_0164,INV/23-24/16164,2024-02-28,32AAACA7788L1ZA,Apollo Tyres Ltd,82800.00,28.0,0.00,0.00,23184.00,23184.00,105984.00
2B_0197,INV/23-24/16197,2023-10-21,27AAACM8890K1Z1,Mahindra & Mahindra Logistics Pvt Ltd,37000.00,28.0,5180.00,5180.00,0.00,10360.00,47360.00
2B_0846,INV/23-24/16846,2024-03-14,07AAACD5566T1ZE,Dabur India Limited,254500.00,12.0,0.00,0.00,30540.00,30540.00,285040.00
2B_0093,INV/23-24/16093,2023-11-05,27AAACC5544E1ZO,Cipla Limited,330400.00,12.0,19824.00,19824.00,0.00,39648.00,370048.00
2B_0522,INV/23-24/16522,2023-04-08,29AAACI4567A1Z3,Infosys Limited,301200.00,12.0,0.00,0.00,36144.00,36144.00,337344.00
2B_0778,INV/23-24/16778,2023-10-22,08AAACV7766G1ZS,Vedanta Resources Ltd,267400.00,5.0,0.00,0.00,13370.00,13370.00,280770.00
2B_0438,INV/23-24/16438,2023-08-28,24AAACS4433D1ZM,Sun Pharmaceutical Industries Ltd,406400.00,5.0,0.00,0.00,20320.00,20320.00,426720.00
2B_0327,INV/23-24/16327,2023-10-05,07AAACH2233P1ZC,Havells India Limited,79000.00,28.0,0.00,0.00,22120.00,22120.00,101120.00
2B_0352,INV/23-24/16352,2024-01-17,27AAACB0002G1Z6,Bharat Petroleum Corp Ltd,7900.00,18.0,711.00,711.00,0.00,1422.00,9322.00
2B_0375,INV/23-24/16375,2023-04-11,29AAGCB1234K1ZY,Swiggy Bundl Technologies Pvt Ltd,59300.00,18.0,0.00,0.00,10674.00,10674.00,69974.00
2B_0472,INV/23-24/16472,2023-09-30,27AAACU3344R1Z0,UltraTech Cement Ltd,270300.00,12.0,16218.00,16218.00,0.00,32436.00,302736.00
2B_0295,INV/23-24/16295,2023-09-16,06AAACM9900N1ZG,Maruti Suzuki India Ltd,220100.00,18.0,0.00,0.00,39618.00,39618.00,259718.00
2B_0004,INV/23-24/16004,2023-09-20,19AAACB6655F1ZQ,Britannia Industries Ltd,308500.00,28.0,0.00,0.00,86380.00,86380.00,394880.00
2B_0031,INV/23-24/16031,2023-07-16,27AAACG9876E1Z9,Godrej Consumer Products Ltd,252400.00,5.0,6310.00,6310.00,0.00,12620.00,265020.00
2B_0235,INV/23-24/16235,2024-03-25,27AAACG9876E1Z9,Godrej Consumer Products Ltd,141100.00,5.0,3527.50,3527.50,0.00,7055.00,148155.00
2B_0928,16928,2023-11-19,07AAACD5566T1ZE,Dabur India Limited,64500.00,28.0,0.00,0.00,18060.00,18060.00,82560.00
2B_0614,INV/23-24/16614,2023-07-14,27AAACL0123M1Z8,Larsen & Toubro Ltd,382300.00,5.0,9557.50,9557.50,0.00,19115.00,401415.00
2B_0645,INV/23-24/16645,2023-09-24,29AAACT6677K1Z8,Titan Company Ltd,282700.00,28.0,0.00,0.00,79156.00,79156.00,361856.00
2B_0244,INV/23-24/16244,2023-05-22,27AAACU3344R1Z0,UltraTech Cement Ltd,261100.00,12.0,15666.00,15666.00,0.00,31332.00,292432.00
2B_0186,INV/23-24/16186,2024-01-12,08AAACV7766G1ZS,Vedanta Resources Ltd,213800.00,28.0,0.00,0.00,59864.00,59864.00,273664.00
2B_0741,INV/23-24/16741,2023-09-02,24AAACS4433D1ZM,Sun Pharmaceutical Industries Ltd,11000.00,12.0,0.00,0.00,1320.00,1320.00,12320.00
2B_0287,INV/23-24/16287,2024-02-20,27AAACU3344R1Z0,UltraTech Cement Ltd,274100.00,28.0,38374.00,38374.00,0.00,76748.00,350848.00
2B_0190,INV/23-24/16190,2024-02-17,27AAACA0001F1Z4,Asian Paints Limited,430100.00,28.0,60214.00,60214.00,0.00,120428.00,550528.00
2B_0124,INV/23-24/16124,2024-02-21,06AAACM9900N1ZG,Maruti Suzuki India Ltd,322600.00,18.0,0.00,0.00,58068.00,58068.00,380668.00
2B_0025,INV/23-24/16025,2023-10-30,29AAACW1122J1Z7,Wipro Technologies Pvt Ltd,479600.00,28.0,0.00,0.00,134288.00,134288.00,613888.00
2B_0854,INV/23-24/16854,2023-06-23,29AAGCB1234K1ZY,Swiggy Bundl Technologies Pvt Ltd,334400.00,5.0,0.00,0.00,16720.00,16720.00,351120.00
2B_0695,INV/23-24/16695,2023-09-01,29AAGCB1234K1ZY,Swiggy Bundl Technologies Pvt Ltd,309200.00,5.0,0.00,0.00,15460.00,15460.00,324660.00
2B_0189,INV/23-24/16189,2023-10-02,27AAACL0123M1Z8,Larsen & Toubro Ltd,383500.00,28.0,53690.00,53690.00,0.00,107380.00,490880.00
2B_0756,INV/23-24/16756,2023-09-27,27AAACB2345H1Z5,Bajaj Electricals Ltd,155300.00,12.0,9318.00,9318.00,0.00,18636.00,173936.00
2B_0157,INV/23-24/16157,2023-09-04,29AAACW1122J1Z7,Wipro Technologies Pvt Ltd,457300.00,28.0,0.00,0.00,128044.00,128044.00,585344.00
2B_0396,INV/23-24/16396,2024-01-18,07AAACZ9988J1ZW,Zomato Private Limited,62400.00,12.0,0.00,0.00,7488.00,7488.00,69888.00
2B_0312,INV/23-24/16312,2023-05-11,27AAACL0123M1Z8,Larsen & Toubro Ltd,483800.00,12.0,29028.00,29028.00,0.00,58056.00,541856.00
2B_0621,INV/23-24/16621,2023-10-14,07AAACH2233P1ZC,Havells India Limited,153300.00,28.0,0.00,0.00,42924.00,42924.00,196224.00
2B_0310,INV/23-24/16310,2023-06-04,29AAGCB1234K1ZY,Swiggy Bundl Technologies Pvt Ltd,164800.00,18.0,0.00,0.00,29664.00,29664.00,194464.00
2B_0457,INV/23-24/16457,2023-04-12,27AAACL0123M1Z8,Larsen & Toubro Ltd,7100.00,28.0,994.00,994.00,0.00,1988.00,9088.00
2B_0118,INV/23-24/16118,2023-05-27,27AAACT2727Q1ZW,Tata Consultancy Services Ltd,482400.00,5.0,12060.00,12060.00,0.00,24120.00,506520.00
2B_0007,INV/23-24/16007,2023-10-13,27AAACH1111B1Z2,Hindustan Unilever Ltd,254300.00,28.0,35602.00,35602.00,0.00,71204.00,325504.00
2B_0027,INV/23-24/16027,2024-01-17,29AAACI4567A1Z3,Infosys Limited,120300.00,18.0,0.00,0.00,21654.00,21654.00,141954.00
2B_0056,INV/23-24/16056,2023-11-30,24AAACA3322C1ZK,Adani Enterprises Ltd,88200.00,28.0,0.00,0.00,24696.00,24696.00,112896.00
2B_0997,INV/23-24/16997,2023-05-12,24AAACA3322C1ZK,Adani Enterprises Ltd,150900.00,12.0,0.00,0.00,18108.00,18108.00,169008.00
2B_0529,INV/23-24/16529,2024-02-04,07AAACH2233P1ZC,Havells India Limited,212000.00,28.0,0.00,0.00,59360.00,59360.00,271360.00
2B_0716,INV/23-24/16716,2023-11-22,27AAACG9876E1Z9,GODREJ CONSUMER PRODUCTS LIMITED,399100.00,5.0,9977.50,9977.50,0.00,19955.00,419055.00
2B_0618,INV/23-24/16618,2023-09-10,27AAACG9876E1Z9,Godrej Consumer Products Ltd,403600.00,18.0,36324.00,36324.00,0.00,72648.00,476248.00
2B_0694,INV/23-24/16694,2023-07-05,27AAACC5544E1ZO,Cipla Limited,140900.00,5.0,3522.50,3522.50,0.00,7045.00,147945.00
2B_0298,INV/23-24/16298,2023-07-03,06AAACM9900N1ZG,Maruti Suzuki India Ltd,72900.00,5.0,0.00,0.00,3645.00,3645.00,76545.00
2B_0666,INV/23-24/16666,2023-11-24,27AAACT2727Q1ZW,Tata Consultancy Services Ltd,374100.00,5.0,9352.50,9352.50,0.00,18705.00,392805.00
2B_0822,INV/23-24/16822,2023-11-21,27AAACH1111B1Z2,Hindustan Unilever Ltd,178800.00,18.0,16092.00,16092.00,0.00,32184.00,210984.00
2B_0385,INV/23-24/16385,2023-08-31,27AAACU3344R1Z0,UltraTech Cement Ltd,411300.00,5.0,10282.50,10282.50,0.00,20565.00,431865.00
2B_0063,INV/23-24/16063,2024-03-18,27AAACC5544E1ZO,Cipla Limited,484100.00,5.0,12102.50,12102.50,0.00,24205.00,508305.00
2B_0357,INV/23-24/16357,2023-12-08,07AAACZ9988J1ZW,Zomato Private Limited,116200.00,28.0,0.00,0.00,32536.00,32536.00,148736.00
2B_0610,INV/23-24/16610,2023-06-18,07AAACZ9988J1ZW,Zomato Private Limited,20400.00,12.0,0.00,0.00,2448.00,2448.00,22848.00
2B_0239,INV/23-24/16239,2023-06-20,27AAACM8890K1Z1,Mahindra & Mahindra Logistics Pvt Ltd,410200.00,28.0,57428.00,57428.00,0.00,114856.00,525056.00
2B_0592,INV/23-24/16592,2023-11-04,27AAACT2727Q1ZW,Tata Consultancy Services Ltd,92700.00,18.0,8343.00,8343.00,0.00,16686.00,109386.00
2B_0455,INV/23-24/16455,2023-12-21,27AAACL0123M1Z8,Larsen & Toubro Ltd,7700.00,5.0,192.50,192.50,0.00,385.00,8085.00
2B_0824,INV/23-24/16824,2023-10-30,24AAACA3322C1ZK,Adani Enterprises Ltd,292800.00,28.0,0.00,0.00,81984.00,81984.00,374784.00
2B_0973,INV/23-24/16973,2023-07-17,06AAACM9900N1ZG,Maruti Suzuki India Ltd,163400.00,28.0,0.00,0.00,45752.00,45752.00,209152.00
2B_0453,INV/23-24/16453,2024-03-31,27AAACB0002G1Z6,Bharat Petroleum Corp Ltd,243900.00,12.0,14634.00,14634.00,0.00,29268.00,273168.00
2B_0993,INV/23-24/16993,2024-01-26,29AAACI4567A1Z3,Infosys Limited,14200.00,18.0,0.00,0.00,2556.00,2556.00,16756.00
2B_0819,INV/23-24/16819,2023-09-04,27AAACH1111B1Z2,Hindustan Unilever Ltd,45800.00,28.0,6412.00,6412.00,0.00,12824.00,58624.00
2B_0938,INV/23-24/16938,2023-11-14,27AAACH1111B1Z2,Hindustan Unilever Ltd,83300.00,12.0,4998.00,4998.00,0.00,9996.00,93296.00
2B_0533,INV/23-24/16533,2024-03-09,27AABCR1234D1ZA,Reliance Retail Private Limited,87800.00,5.0,2195.00,2195.00,0.00,4390.00,92190.00
2B_0878,INV/23-24/16878,2023-04-01,27AAACM8890K1Z1,Mahindra & Mahindra Logistics Pvt Ltd,274100.00,5.0,6852.50,6852.50,0.00,13705.00,287805.00
2B_0729,INV/23-24/16729,2023-08-16,24AAACS4433D1ZM,Sun Pharmaceutical Industries Ltd,441600.00,12.0,0.00,0.00,52992.00,52992.00,494592.00
2B_0784,INV/23-24/16784,2023-11-03,27AAACB2345H1Z5,Bajaj Electricals Ltd,227300.00,12.0,13638.00,13638.00,0.00,27276.00,254576.00
2B_0499,INV/23-24/16499,2023-06-05,07AAACZ9988J1ZW,Zomato Private Limited,169200.00,12.0,0.00,0.00,20304.00,20304.00,189504.00
2B_0285,INV/23-24/16285,2024-01-24,07AAACZ9988J1ZW,Zomato Private Limited,380000.00,18.0,0.00,0.00,68400.00,68400.00,448400.00
2B_0439,INV/23-24/16439,2023-04-23,27AABCR1234D1ZA,RELIANCE RETAIL LTD,251300.00,28.0,35182.00,35182.00,0.00,70364.00,321664.00
2B_0631,INV/23-24/16631,2024-02-04,07AAACH8877H1ZU,Hero MotoCorp Ltd,298300.00,12.0,0.00,0.00,35796.00,35796.00,334096.00
2B_0188,INV/23-24/16188,2023-09-02,27AABCR1234D1ZA,Reliance Retail Private Limited,417900.00,12.0,25074.00,25074.00,0.00,50148.00,468048.00
2B_0475,INV/23-24/16475,2024-01-23,27AAACC5544E1ZO,Cipla Limited,237100.00,18.0,21339.00,21339.00,0.00,42678.00,279778.00
2B_0185,INV/23-24/16185,2024-03-17,24AAACA3322C1ZK,Adani Enterprises Ltd,256400.00,28.0,0.00,0.00,71792.00,71792.00,328192.00
2B_0870,INV/23-24/16870,2023-04-28,24AAACA3322C1ZK,Adani Enterprises Ltd,205900.00,18.0,0.00,0.00,37062.00,37062.00,242962.00
2B_0974,INV/23-24/16974,2023-08-31,29AAACT6677K1Z8,Titan Company Ltd,160500.00,5.0,0.00,0.00,8025.00,8025.00,168525.00
2B_0881,INV/23-24/16881,2023-11-15,07AAACD5566T1ZE,Dabur India Limited,39800.00,18.0,0.00,0.00,7164.00,7164.00,46964.00
2B_0843,INV/23-24/16843,2023-07-21,29AAACT6677K1Z8,Titan Company Ltd,274500.00,28.0,0.00,0.00,76860.00,76860.00,351360.00
2B_0429,INV/23-24/16429,2024-01-23,27AAACL0123M1Z8,Larsen & Toubro Ltd,444900.00,18.0,40041.00,40041.00,0.00,80082.00,524982.00
2B_0078,INV/23-24/16078,2023-08-06,32AAACA7788L1ZA,Apollo Tyres Ltd,213500.00,28.0,0.00,0.00,59780.00,59780.00,273280.00
2B_0782,INV/23-24/16782,2023-04-08,27AAACG9876E1Z9,Godrej Consumer Products Ltd,13400.00,18.0,1206.00,1206.00,0.00,2412.00,15812.00
2B_0836,INV/23-24/16836,2023-11-04,29AAACW1122J1Z7,Wipro Technologies Pvt Ltd,223700.00,28.0,0.00,0.00,62636.00,62636.00,286336.00
2B_0211,INV/23-24/16211,2023-07-08,24AAACA3322C1ZK,Adani Enterprises Ltd,468100.00,18.0,0.00,0.00,84258.00,84258.00,552358.00
2B_0370,INV/23-24/16370,2023-06-08,24AAACA3322C1ZK,Adani Enterprises Ltd,329300.00,12.0,0.00,0.00,39516.00,39516.00,368816.00
2B_0595,INV/23-24/16595,2023-11-30,27AAACU3344R1Z0,UltraTech Cement Ltd,312600.00,5.0,7815.00,7815.00,0.00,15630.00,328230.00
2B_0746,INV/23-24/16746,2023-09-22,27AAACU3344R1Z0,UltraTech Cement Ltd,140900.00,5.0,3522.50,3522.50,0.00,7045.00,147945.00
2B_0528,INV/23-24/16528,2023-05-15,27AAACM8890K1Z1,Mahindra & Mahindra Logistics Pvt Ltd,128500.00,5.0,3212.50,3212.50,0.00,6425.00,134925.00
2B_0209,INV/23-24/16209,2023-04-09,29AAGCB1234K1ZY,Swiggy Bundl Technologies Pvt Ltd,171500.00,18.0,0.00,0.00,30870.00,30870.00,202370.00
2B_0823,INV/23-24/16823,2023-05-13,29AAACI4567A1Z3,Infosys Limited,312300.00,28.0,0.00,0.00,87444.00,87444.00,399744.00
2B_0734,INV/23-24/16734,2023-07-31,27AAACL0123M1Z8,Larsen & Toubro Ltd,250300.00,28.0,35042.00,35042.00,0.00,70084.00,320384.00
2B_0206,INV/23-24/16206,2023-04-25,29AAACT6677K1Z8,Titan Company Ltd,15400.00,5.0,0.00,0.00,770.00,770.00,16170.00
2B_0646,INV/23-24/16646,2023-05-10,27AAACH1111B1Z2,Hindustan Unilever Ltd,362400.00,12.0,21744.00,21744.00,0.00,43488.00,405888.00
2B_0324,INV/23-24/16324,2023-08-04,27AAACU3344R1Z0,ULTRATECH CEMENT LIMITED,470500.00,28.0,65870.00,65870.00,0.00,131740.00,602240.00
2B_0934,INV/23-24/16934,2023-11-17,06AAACM9900N1ZG,Maruti Suzuki India Ltd,410800.00,28.0,0.00,0.00,115024.00,115024.00,525824.00
2B_0501,INV/23-24/16501,2024-03-01,27AABCR1234D1ZA,Reliance Retail Private Limited,29000.00,12.0,1740.00,1740.00,0.00,3480.00,32480.00
2B_0860,INV/23-24/16860,2024-02-07,24AAACA3322C1ZK,Adani Enterprises Ltd,257200.00,28.0,0.00,0.00,72016.00,72016.00,329216.00
2B_0266,INV/23-24/16266,2023-07-02,08AAACV7766G1ZS,Vedanta Resources Ltd,261700.00,5.0,0.00,0.00,13085.00,13085.00,274785.00
2B_0929,INV/23-24/16929,2023-07-06,24AAACS4433D1ZM,Sun Pharmaceutical Industries Ltd,149900.00,28.0,0.00,0.00,41972.00,41972.00,191872.00
2B_0942,INV/23-24/16942,2023-10-22,27AAACA0001F1Z4,Asian Paints Limited,387000.00,5.0,9675.00,9675.00,0.00,19350.00,406350.00
2B_0801,INV/23-24/16801,2023-06-26,07AAACH8877H1ZU,Hero MotoCorp Ltd,38700.00,12.0,0.00,0.00,4644.00,4644.00,43344.00
2B_0885,INV/23-24/16885,2023-10-30,06AAACM9900N1ZG,Maruti Suzuki India Ltd,497000.00,12.0,0.00,0.00,59640.00,59640.00,556640.00
2B_0561,INV/23-24/16561,2023-12-28,07AAACH2233P1ZC,Havells India Limited,281600.00,12.0,0.00,0.00,33792.00,33792.00,315392.00
2B_0481,INV/23-24/16481,2023-11-15,27AAACM8890K1Z1,Mahindra & Mahindra Logistics Pvt Ltd,425500.00,12.0,25530.00,25530.00,0.00,51060.00,476560.00
2B_0140,INV/23-24/16140,2024-03-18,07AAACD5566T1ZE,Dabur India Limited,21600.00,28.0,0.00,0.00,6048.00,6048.00,27648.00
2B_0179,INV/23-24/16179,2024-02-16,29AAACW1122J1Z7,Wipro Technologies Pvt Ltd,361400.00,18.0,0.00,0.00,65052.00,65052.00,426452.00
2B_0710,INV/23-24/16710,2023-06-04,07AAACZ9988J1ZW,Zomato Private Limited,105300.00,12.0,0.00,0.00,12636.00,12636.00,117936.00
2B_0090,INV/23-24/16090,2024-03-16,27AAACU3344R1Z0,UltraTech Cement Ltd,420700.00,28.0,58898.00,58898.00,0.00,117796.00,538496.00
2B_0075,INV/23-24/16075,2023-07-01,27AAACC5544E1ZO,Cipla Limited,295700.00,18.0,26613.00,26613.00,0.00,53226.00,348926.00
2B_0512,INV/23-24/16512,2023-10-27,07AAACD5566T1ZE,Dabur India Limited,407300.00,5.0,0.00,0.00,20365.00,20365.00,427665.00
2B_0136,INV/23-24/16136,2024-03-19,24AAACS4433D1ZM,Sun Pharmaceutical Industries Ltd,476300.00,18.0,0.00,0.00,85734.00,85734.00,562034.00
2B_0920,INV/23-24/16920,2023-07-28,27AAACM8890K1Z1,MAHINDRA LOGISTICS LIMITED,109100.00,12.0,6546.00,6546.00,0.00,13092.00,122192.00
2B_0121,INV/23-24/16121,2023-04-22,27AAACA0001F1Z4,Asian Paints Limited,5350.00,12.0,321.00,321.00,0.00,642.00,5992.00
2B_0588,INV/23-24/16588,2023-08-23,29AAACI4567A1Z3,Infosys Limited,133200.00,18.0,0.00,0.00,23976.00,23976.00,157176.00
2B_0542,INV/23-24/16542,2023-07-03,27AAACL0123M1Z8,Larsen & Toubro Ltd,40800.00,5.0,1020.00,1020.00,0.00,2040.00,42840.00
2B_0097,16097,2023-06-21,32AAACA7788L1ZA,Apollo Tyres Ltd,144600.00,18.0,0.00,0.00,26028.00,26028.00,170628.00
2B_0286,INV/23-24/16286,2024-01-13,27AAACU3344R1Z0,UltraTech Cement Ltd,144800.00,28.0,20272.00,20272.00,0.00,40544.00,185344.00
2B_0113,INV/23-24/16113,2023-06-17,19AAACB6655F1ZQ,Britannia Industries Ltd,149550.00,5.0,0.00,0.00,7477.50,7477.50,157027.50
2B_0505,INV/23-24/16505,2024-03-01,07AAACZ9988J1ZW,Zomato Private Limited,255200.00,5.0,0.00,0.00,12760.00,12760.00,267960.00
2B_0380,INV/23-24/16380,2024-02-19,32AAACA7788L1ZA,Apollo Tyres Ltd,85900.00,18.0,0.00,0.00,15462.00,15462.00,101362.00
2B_0520,INV/23-24/16520,2023-11-29,06AAACM9900N1ZG,Maruti Suzuki India Ltd,245300.00,18.0,0.00,0.00,44154.00,44154.00,289454.00
2B_0254,INV/23-24/16254,2023-09-01,27AAACL0123M1Z8,Larsen & Toubro Ltd,480600.00,18.0,43254.00,43254.00,0.00,86508.00,567108.00
2B_0292,INV/23-24/16292,2023-09-01,08AAACV7766G1ZS,Vedanta Resources Ltd,117700.00,5.0,0.00,0.00,5885.00,5885.00,123585.00
2B_0955,INV/23-24/16955,2024-01-12,27AAACC5544E1ZO,Cipla Limited,218800.00,5.0,5470.00,5470.00,0.00,10940.00,229740.00
2B_0947,INV/23-24/16947,2023-06-17,24AAACS4433D1ZM,Sun Pharmaceutical Industries Ltd,268200.00,28.0,0.00,0.00,75096.00,75096.00,343296.00
2B_0365,INV/23-24/16365,2023-10-25,07AAACZ9988J1ZW,Zomato Private Limited,180600.00,12.0,0.00,0.00,21672.00,21672.00,202272.00
2B_0765,INV/23-24/16765,2023-06-08,07AAACH8877H1ZU,Hero MotoCorp Ltd,37500.00,28.0,0.00,0.00,10500.00,10500.00,48000.00
2B_0467,INV/23-24/16467,2023-12-24,29AAACT6677K1Z8,Titan Company Ltd,83700.00,5.0,0.00,0.00,4185.00,4185.00,87885.00
2B_0530,INV/23-24/16530,2023-09-30,07AAACZ9988J1ZW,Zomato Private Limited,139000.00,12.0,0.00,0.00,16680.00,16680.00,155680.00
2B_0677,INV/23-24/16677,2023-09-27,27AAACH1111B1Z2,Hindustan Unilever Ltd,133000.00,5.0,3325.00,3325.00,0.00,6650.00,139650.00
2B_0033,INV/23-24/16033,2023-06-23,24AAACA3322C1ZK,ADANI ENTERPRISES PRIVATE LIMITED,43400.00,18.0,0.00,0.00,7812.00,7812.00,51212.00
2B_0661,INV/23-24/16661,2023-04-16,27AAACG9876E1Z9,Godrej Consumer Products Ltd,158300.00,12.0,9498.00,9498.00,0.00,18996.00,177296.00
2B_0107,INV/23-24/16107,2023-04-22,27AAACC5544E1ZO,Cipla Limited,151950.00,18.0,13675.50,13675.50,0.00,27351.00,179301.00
2B_0574,INV/23-24/16574,2023-04-17,27AAACU3344R1Z0,UltraTech Cement Ltd,415000.00,28.0,58100.00,58100.00,0.00,116200.00,531200.00
2B_0342,16342,2023-08-14,19AAACB6655F1ZQ,Britannia Industries Ltd,340500.00,18.0,0.00,0.00,61290.00,61290.00,401790.00
2B_0496,16496,2023-04-28,07AAACD5566T1ZE,Dabur India Limited,24200.00,28.0,0.00,0.00,6776.00,6776.00,30976.00
2B_0166,INV/23-24/16166,2023-12-24,27AAACB2345H1Z5,Bajaj Electricals Ltd,445900.00,5.0,11147.50,11147.50,0.00,22295.00,468195.00
2B_0521,INV/23-24/16521,2024-01-22,29AAACT6677K1Z8,TITAN COMPANY LIMITED,135700.00,5.0,0.00,0.00,6785.00,6785.00,142485.00
2B_0065,16065,2023-06-15,27AAACA0001F1Z4,Asian Paints Limited,420400.00,18.0,37836.00,37836.00,0.00,75672.00,496072.00
2B_0785,INV/23-24/16785,2024-05-02,27AABCR1234D1ZA,Reliance Retail Private Limited,353600.00,28.0,49504.00,49504.00,0.00,99008.00,452608.00
2B_0879,INV/23-24/16879,2023-05-29,27AAACG9876E1Z9,Godrej Consumer Products Ltd,42900.00,28.0,6006.00,6006.00,0.00,12012.00,54912.00
2B_0804,INV/23-24/16804,2023-11-06,29AAACW1122J1Z7,Wipro Technologies Pvt Ltd,287900.00,18.0,0.00,0.00,51822.00,51822.00,339722.00
2B_0612,INV/23-24/16612,2023-06-12,07AAACD5566T1ZE,Dabur India Limited,388800.00,28.0,0.00,0.00,108864.00,108864.00,497664.00
2B_0311,INV/23-24/16311,2023-06-02,08AAACV7766G1ZS,Vedanta Resources Ltd,21300.00,28.0,0.00,0.00,5964.00,5964.00,27264.00
2B_0412,INV/23-24/16412,2023-08-04,29AAACT6677K1Z8,Titan Company Ltd,255900.00,18.0,0.00,0.00,46062.00,46062.00,301962.00
2B_0620,INV/23-24/16620,2023-12-14,27AAACA0001F1Z4,Asian Paints Limited,252100.00,5.0,6302.50,6302.50,0.00,12605.00,264705.00
2B_0072,INV/23-24/16072,2024-03-21,29AAACI4567A1Z3,Infosys Limited,243600.00,28.0,0.00,0.00,68208.00,68208.00,311808.00
2B_0167,INV/23-24/16167,2023-05-09,27AAACL0123M1Z8,Larsen & Toubro Ltd,207600.00,18.0,18684.00,18684.00,0.00,37368.00,244968.00
2B_0600,INV/23-24/16600,2023-06-19,32AAACA7788L1ZA,Apollo Tyres Ltd,217600.00,28.0,0.00,0.00,60928.00,60928.00,278528.00
2B_0887,INV/23-24/16887,2024-03-04,06AAACM9900N1ZG,Maruti Suzuki India Ltd,29700.00,18.0,0.00,0.00,5346.00,5346.00,35046.00
2B_0924,INV/23-24/16924,2023-06-09,27AAACA0001F1Z4,Asian Paints Limited,147600.00,28.0,20664.00,20664.00,0.00,41328.00,188928.00
2B_0330,INV/23-24/16330,2023-12-06,27AAACB0002G1Z6,Bharat Petroleum Corp Ltd,484000.00,12.0,29040.00,29040.00,0.00,58080.00,542080.00
2B_0294,INV/23-24/16294,2024-01-23,29AAACT6677K1Z8,Titan Company Ltd,273800.00,5.0,0.00,0.00,13690.00,13690.00,287490.00
2B_0623,INV/23-24/16623,2024-03-16,07AAACH2233P1ZC,Havells India Limited,328100.00,18.0,0.00,0.00,59058.00,59058.00,387158.00
2B_0201,INV/23-24/16201,2024-01-10,29AAGCB1234K1ZY,Swiggy Bundl Technologies Pvt Ltd,5400.00,12.0,0.00,0.00,648.00,648.00,6048.00
2B_0915,INV/23-24/16915,2023-08-03,27AAACU3344R1Z0,UltraTech Cement Ltd,18300.00,18.0,1647.00,1647.00,0.00,3294.00,21594.00
2B_0106,INV/23-24/16106,2023-06-28,08AAACV7766G1ZS,Vedanta Resources Ltd,339700.00,12.0,0.00,0.00,40764.00,40764.00,380464.00
2B_0820,INV/23-24/16820,2023-08-29,32AAACA7788L1ZA,Apollo Tyres Ltd,81800.00,28.0,0.00,0.00,22904.00,22904.00,104704.00
2B_0748,INV/23-24/16748,2023-10-01,29AAACI4567A1Z3,Infosys Limited,417400.00,18.0,0.00,0.00,75132.00,75132.00,492532.00
2B_0486,INV/23-24/16486,2023-10-28,29AAACW1122J1Z7,Wipro Technologies Pvt Ltd,162800.00,18.0,0.00,0.00,29304.00,29304.00,192104.00
2B_0392,INV/23-24/16392,2023-10-22,27AAACT2727Q1ZW,Tata Consultancy Services Ltd,452400.00,12.0,27144.00,27144.00,0.00,54288.00,506688.00
2B_0897,INV/23-24/16897,2023-07-09,19AAACB6655F1ZQ,Britannia Industries Ltd,350100.00,28.0,0.00,0.00,98028.00,98028.00,448128.00
2B_0541,INV/23-24/16541,2023-09-25,27AAACB0002G1Z6,Bharat Petroleum Corp Ltd,19900.00,18.0,1791.00,1791.00,0.00,3582.00,23482.00
2B_0125,INV/23-24/16125,2023-09-07,27AAACB0002G1Z6,Bharat Petroleum Corp Ltd,332100.00,18.0,29889.00,29889.00,0.00,59778.00,391878.00
2B_0083,INV/23-24/16083,2023-07-09,19AAACB6655F1ZQ,Britannia Industries Ltd,162500.00,28.0,0.00,0.00,45500.00,45500.00,208000.00
2B_0572,INV/23-24/16572,2023-07-03,07AAACD5566T1ZE,Dabur India Limited,10700.00,5.0,0.00,0.00,535.00,535.00,11235.00
2B_0456,INV/23-24/16456,2023-08-08,06AAACM9900N1ZG,Maruti Suzuki India Ltd,104300.00,5.0,0.00,0.00,5215.00,5215.00,109515.00
2B_0491,INV/23-24/16491,2024-02-16,27AAACL0123M1Z8,Larsen & Toubro Ltd,61800.00,28.0,8652.00,8652.00,0.00,17304.00,79104.00
2B_0347,INV/23-24/16347,2024-02-19,27AAACM8890K1Z1,Mahindra & Mahindra Logistics Pvt Ltd,220600.00,5.0,5515.00,5515.00,0.00,11030.00,231630.00
2B_0553,INV/23-24/16553,2023-08-02,27AAACA0001F1Z4,Asian Paints Limited,100600.00,28.0,14084.00,14084.00,0.00,28168.00,128768.00
2B_0586,INV/23-24/16586,2023-04-03,27AAACM8890K1Z1,Mahindra & Mahindra Logistics Pvt Ltd,64500.00,12.0,3870.00,3870.00,0.00,7740.00,72240.00
2B_0841,INV/23-24/16841,2024-02-23,07AAACD5566T1ZE,Dabur India Limited,474500.00,28.0,0.00,0.00,132860.00,132860.00,607360.00
2B_0409,INV/23-24/16409,2023-05-28,07AAACH2233P1ZC,HAVELLS INDIA PRIVATE LIMITED,338800.00,18.0,0.00,0.00,60984.00,60984.00,399784.00
2B_0431,INV/23-24/16431,2023-10-29,27AAACB0002G1Z6,Bharat Petroleum Corp Ltd,443900.00,18.0,39951.00,39951.00,0.00,79902.00,523802.00
2B_0447,INV/23-24/16447,2024-03-31,07AAACD5566T1ZE,Dabur India Limited,126200.00,5.0,0.00,0.00,6310.00,6310.00,132510.00
2B_0454,INV/23-24/16454,2024-01-29,27AAACB0002G1Z6,Bharat Petroleum Corp Ltd,201000.00,28.0,28140.00,28140.00,0.00,56280.00,257280.00
2B_0187,INV/23-24/16187,2023-08-20,27AAACU3344R1Z0,UltraTech Cement Ltd,337200.00,18.0,30348.00,30348.00,0.00,60696.00,397896.00
2B_0205,INV/23-24/16205,2023-06-16,07AAACD5566T1ZE,Dabur India Limited,16900.00,12.0,0.00,0.00,2028.00,2028.00,18928.00
2B_0028,INV/23-24/16028,2023-04-26,27AAACH1111B1Z2,Hindustan Unilever Ltd,482200.00,28.0,67508.00,67508.00,0.00,135016.00,617216.00
2B_0207,16207,2023-10-17,27AAACG9876E1Z9,Godrej Consumer Products Ltd,287500.00,5.0,7187.50,7187.50,0.00,14375.00,301875.00
2B_0037,INV/23-24/16037,2023-04-05,27AAACM8890K1Z1,Mahindra & Mahindra Logistics Pvt Ltd,196500.00,12.0,11790.00,11790.00,0.00,23580.00,220080.00
2B_0914,INV/23-24/16914,2023-11-12,29AAGCB1234K1ZY,Swiggy Bundl Technologies Pvt Ltd,441400.00,5.0,0.00,0.00,22070.00,22070.00,463470.00
2B_0307,INV/23-24/16307,2023-05-16,27AAACG9876E1Z9,Godrej Consumer Products Ltd,311100.00,12.0,18666.00,18666.00,0.00,37332.00,348432.00
2B_0480,INV/23-24/16480,2023-06-17,29AAGCB1234K1ZY,Swiggy Bundl Technologies Pvt Ltd,420300.00,5.0,0.00,0.00,21015.00,21015.00,441315.00
2B_0494,INV/23-24/16494,2024-04-03,29AAACI4567A1Z3,Infosys Limited,385600.00,5.0,0.00,0.00,19280.00,19280.00,404880.00
2B_0424,INV/23-24/16424,2023-09-01,27AABCR1234D1ZA,Reliance Retail Private Limited,498700.00,18.0,44883.00,44883.00,0.00,89766.00,588466.00
2B_0441,INV/23-24/16441,2024-02-06,29AAGCB1234K1ZY,Swiggy Bundl Technologies Pvt Ltd,326900.00,12.0,0.00,0.00,39228.00,39228.00,366128.00
2B_0537,INV/23-24/16537,2023-07-25,07AAACD5566T1ZE,Dabur India Limited,256200.00,12.0,0.00,0.00,30744.00,30744.00,286944.00
2B_0651,INV/23-24/16651,2024-02-24,07AAACH8877H1ZU,Hero MotoCorp Ltd,148700.00,12.0,0.00,0.00,17844.00,17844.00,166544.00
2B_0267,INV/23-24/16267,2023-10-27,27AAACL0123M1Z8,Larsen & Toubro Ltd,255400.00,28.0,35756.00,35756.00,0.00,71512.00,326912.00
2B_0273,INV/23-24/16273,2023-10-11,07AAACZ9988J1ZW,Zomato Private Limited,367600.00,28.0,0.00,0.00,102928.00,102928.00,470528.00
2B_0035,INV/23-24/16035,2023-09-20,07AAACH2233P1ZC,Havells India Limited,372300.00,12.0,0.00,0.00,44676.00,44676.00,416976.00
2B_0774,INV/23-24/16774,2023-05-15,27AAACA0001F1Z4,Asian Paints Limited,81700.00,28.0,11438.00,11438.00,0.00,22876.00,104576.00
2B_0269,INV/23-24/16269,2023-12-19,32AAACA7788L1ZA,Apollo Tyres Ltd,88100.00,5.0,0.00,0.00,4405.00,4405.00,92505.00
2B_0831,INV/23-24/16831,2023-09-05,27AAACL0123M1Z8,Larsen & Toubro Ltd,428500.00,5.0,10712.50,10712.50,0.00,21425.00,449925.00
2B_0434,INV/23-24/16434,2023-04-05,29AAACT6677K1Z8,Titan Company Ltd,53100.00,28.0,0.00,0.00,14868.00,14868.00,67968.00
2B_0183,INV/23-24/16183,2023-11-11,07AAACD5566T1ZE,Dabur India Limited,56150.00,18.0,0.00,0.00,10107.00,10107.00,66257.00
2B_0088,INV/23-24/16088,2023-08-17,24AAACS4433D1ZM,Sun Pharmaceutical Industries Ltd,14600.00,18.0,0.00,0.00,2628.00,2628.00,17228.00
2B_0094,INV/23-24/16094,2024-02-01,19AAACB6655F1ZQ,Britannia Industries Ltd,136000.00,12.0,0.00,0.00,16320.00,16320.00,152320.00
2B_0161,INV/23-24/16161,2023-07-05,08AAACV7766G1ZS,Vedanta Resources Ltd,291100.00,12.0,0.00,0.00,34932.00,34932.00,326032.00
2B_0833,INV/23-24/16833,2023-08-27,24AAACA3322C1ZK,Adani Enterprises Ltd,21700.00,5.0,0.00,0.00,1085.00,1085.00,22785.00
2B_0411,INV/23-24/16411,2023-04-04,24AAACA3322C1ZK,Adani Enterprises Ltd,393200.00,5.0,0.00,0.00,19660.00,19660.00,412860.00
2B_0575,INV/23-24/16575,2024-03-08,27AAACT2727Q1ZW,Tata Consultancy Services Ltd,215400.00,12.0,12924.00,12924.00,0.00,25848.00,241248.00
2B_0909,INV/23-24/16909,2023-06-07,29AAGCB1234K1ZY,BUNDL TECHNOLOGIES PRIVATE LIMITED,5600.00,28.0,0.00,0.00,1568.00,1568.00,7168.00
2B_0383,INV/23-24/16383,2024-03-20,27AAACM8890K1Z1,Mahindra & Mahindra Logistics Pvt Ltd,214500.00,28.0,30030.00,30030.00,0.00,60060.00,274560.00
2B_0089,INV/23-24/16089,2023-04-06,29AAACT6677K1Z8,Titan Company Ltd,141100.00,5.0,0.00,0.00,7055.00,7055.00,148155.00
2B_0326,INV/23-24/16326,2024-01-04,07AAACH8877H1ZU,HERO MOTOCORP PRIVATE LIMITED,278500.00,5.0,0.00,0.00,13925.00,13925.00,292425.00
2B_0966,INV/23-24/16966,2023-05-20,08AAACV7766G1ZS,Vedanta Resources Ltd,336500.00,18.0,0.00,0.00,60570.00,60570.00,397070.00
2B_0642,INV/23-24/16642,2023-07-08,29AAGCB1234K1ZY,Swiggy Bundl Technologies Pvt Ltd,262400.00,5.0,0.00,0.00,13120.00,13120.00,275520.00
2B_0040,INV/23-24/16040,2023-07-22,27AAACT2727Q1ZW,Tata Consultancy Services Ltd,22400.00,12.0,1344.00,1344.00,0.00,2688.00,25088.00
2B_0827,INV/23-24/16827,2024-03-03,24AAACA3322C1ZK,Adani Enterprises Ltd,306200.00,5.0,0.00,0.00,15310.00,15310.00,321510.00
2B_0781,INV/23-24/16781,2023-08-23,07AAACD5566T1ZE,Dabur India Limited,325200.00,12.0,0.00,0.00,39024.00,39024.00,364224.00
2B_0731,INV/23-24/16731,2023-09-29,27AAACB2345H1Z5,Bajaj Electricals Ltd,55900.00,5.0,1397.50,1397.50,0.00,2795.00,58695.00
2B_0812,INV/23-24/16812,2024-04-29,07AAACD5566T1ZE,Dabur India Limited,56700.00,18.0,0.00,0.00,10206.00,10206.00,66906.00
2B_0182,INV/23-24/16182,2024-02-11,19AAACB6655F1ZQ,Britannia Industries Ltd,121900.00,12.0,0.00,0.00,14628.00,14628.00,136528.00
2B_0299,INV/23-24/16299,2023-07-17,07AAACZ9988J1ZW,Zomato Private Limited,29300.00,12.0,0.00,0.00,3516.00,3516.00,32816.00
2B_0979,INV/23-24/16979,2023-09-09,07AAACD5566T1ZE,Dabur India Limited,189700.00,12.0,0.00,0.00,22764.00,22764.00,212464.00
2B_0488,INV/23-24/16488,2023-08-29,29AAACT6677K1Z8,TITAN COMPANY LIMITED,11800.00,5.0,0.00,0.00,590.00,590.00,12390.00
2B_0596,INV/23-24/16596,2023-10-24,29AAGCB1234K1ZY,Swiggy Bundl Technologies Pvt Ltd,242700.00,28.0,0.00,0.00,67956.00,67956.00,310656.00
2B_0440,INV/23-24/16440,2023-12-27,29AAACI4567A1Z3,Infosys Limited,472900.00,28.0,0.00,0.00,132412.00,132412.00,605312.00
2B_0284,INV/23-24/16284,2023-08-20,19AAACB6655F1ZQ,Britannia Industries Ltd,324300.00,18.0,0.00,0.00,58374.00,58374.00,382674.00
2B_0291,INV/23-24/16291,2024-02-06,07AAACZ9988J1ZW,Zomato Private Limited,446300.00,28.0,0.00,0.00,124964.00,124964.00,571264.00
2B_0919,INV/23-24/16919,2023-12-27,27AAACU3344R1Z0,UltraTech Cement Ltd,332700.00,18.0,29943.00,29943.00,0.00,59886.00,392586.00
2B_0665,INV/23-24/16665,2024-03-05,27AABCR1234D1ZA,Reliance Retail Private Limited,350900.00,5.0,8772.50,8772.50,0.00,17545.00,368445.00
2B_0070,INV/23-24/16070,2023-10-30,29AAACW1122J1Z7,Wipro Technologies Pvt Ltd,457800.00,18.0,0.00,0.00,82404.00,82404.00,540204.00
2B_0055,INV/23-24/16055,2024-03-04,07AAACZ9988J1ZW,Zomato Private Limited,217100.00,28.0,0.00,0.00,60788.00,60788.00,277888.00
2B_0204,INV/23-24/16204,2023-09-25,27AAACH1111B1Z2,Hindustan Unilever Ltd,458200.00,5.0,11455.00,11455.00,0.00,22910.00,481110.00
2B_0911,INV/23-24/16911,2023-04-22,07AAACH2233P1ZC,Havells India Limited,257500.00,12.0,0.00,0.00,30900.00,30900.00,288400.00
2B_0502,INV/23-24/16502,2023-12-11,27AAACH1111B1Z2,Hindustan Unilever Ltd,14400.00,18.0,1296.00,1296.00,0.00,2592.00,16992.00
2B_0939,INV/23-24/16939,2023-05-14,27AAACG9876E1Z9,Godrej Consumer Products Ltd,496100.00,12.0,29766.00,29766.00,0.00,59532.00,555632.00
2B_0397,INV/23-24/16397,2024-01-04,27AAACU3344R1Z0,UltraTech Cement Ltd,340200.00,12.0,20412.00,20412.00,0.00,40824.00,381024.00
2B_0448,INV/23-24/16448,2023-07-12,27AAACB2345H1Z5,Bajaj Electricals Ltd,141300.00,5.0,3532.50,3532.50,0.00,7065.00,148365.00
2B_0116,INV/23-24/16116,2023-10-31,27AAACM8890K1Z1,Mahindra & Mahindra Logistics Pvt Ltd,450100.00,28.0,63014.00,63014.00,0.00,126028.00,576128.00
2B_0159,16159,2023-06-20,27AAACG9876E1Z9,Godrej Consumer Products Ltd,419300.00,12.0,25158.00,25158.00,0.00,50316.00,469616.00
2B_0667,INV/23-24/16667,2023-05-12,29AAGCB1234K1ZY,Swiggy Bundl Technologies Pvt Ltd,181900.00,5.0,0.00,0.00,9095.00,9095.00,190995.00
2B_0223,INV/23-24/16223,2024-02-07,27AAACL0123M1Z8,Larsen & Toubro Ltd,286900.00,18.0,25821.00,25821.00,0.00,51642.00,338542.00
2B_0077,INV/23-24/16077,2023-06-12,27AAACL0123M1Z8,Larsen & Toubro Ltd,148700.00,12.0,8922.00,8922.00,0.00,17844.00,166544.00
2B_0637,INV/23-24/16637,2023-08-11,07AAACH2233P1ZC,Havells India Limited,197700.00,18.0,0.00,0.00,35586.00,35586.00,233286.00
2B_0319,INV/23-24/16319,2023-07-18,29AAACI4567A1Z3,Infosys Limited,250200.00,12.0,0.00,0.00,30024.00,30024.00,280224.00
2B_0364,16364,2023-07-23,07AAACZ9988J1ZW,Zomato Private Limited,424400.00,18.0,0.00,0.00,76392.00,76392.00,500792.00
2B_0847,INV/23-24/16847,2023-06-12,27AAACB2345H1Z5,Bajaj Electricals Ltd,332500.00,28.0,46550.00,46550.00,0.00,93100.00,425600.00
2B_0487,INV/23-24/16487,2023-09-24,27AAACA0001F1Z4,Asian Paints Limited,187000.00,12.0,11220.00,11220.00,0.00,22440.00,209440.00
2B_0706,INV/23-24/16706,2023-06-23,27AAACG9876E1Z9,Godrej Consumer Products Ltd,162800.00,12.0,9768.00,9768.00,0.00,19536.00,182336.00
2B_0671,INV/23-24/16671,2023-08-08,07AAACD5566T1ZE,Dabur India Limited,155300.00,28.0,0.00,0.00,43484.00,43484.00,198784.00
2B_0315,INV/23-24/16315,2023-08-01,19AAACB6655F1ZQ,Britannia Industries Ltd,291300.00,18.0,0.00,0.00,52434.00,52434.00,343734.00
2B_0865,INV/23-24/16865,2023-08-23,08AAACV7766G1ZS,Vedanta Resources Ltd,97500.00,5.0,0.00,0.00,4875.00,4875.00,102375.00
2B_0829,INV/23-24/16829,2023-06-16,06AAACM9900N1ZG,Maruti Suzuki India Ltd,53900.00,5.0,0.00,0.00,2695.00,2695.00,56595.00
2B_0585,INV/23-24/16585,2023-08-31,29AAACI4567A1Z3,Infosys Limited,338000.00,5.0,0.00,0.00,16900.00,16900.00,354900.00
2B_0549,INV/23-24/16549,2023-06-23,29AAACI4567A1Z3,Infosys Limited,170900.00,5.0,0.00,0.00,8545.00,8545.00,179445.00
2B_0138,INV/23-24/16138,2024-01-07,07AAACH8877H1ZU,Hero MotoCorp Ltd,95800.00,12.0,0.00,0.00,11496.00,11496.00,107296.00
2B_0042,INV/23-24/16042,2023-11-20,27AABCR1234D1ZA,Reliance Retail Private Limited,355400.00,5.0,8885.00,8885.00,0.00,17770.00,373170.00
2B_0320,INV/23-24/16320,2023-10-23,07AAACH8877H1ZU,Hero MotoCorp Ltd,174200.00,28.0,0.00,0.00,48776.00,48776.00,222976.00
2B_0511,INV/23-24/16511,2024-01-11,27AAACH1111B1Z2,Hindustan Unilever Ltd,291400.00,12.0,17484.00,17484.00,0.00,34968.00,326368.00
2B_0288,INV/23-24/16288,2023-08-03,07AAACH8877H1ZU,Hero MotoCorp Ltd,430900.00,18.0,0.00,0.00,77562.00,77562.00,508462.00
2B_0905,INV/23-24/16905,2023-10-04,27AAACM8890K1Z1,Mahindra & Mahindra Logistics Pvt Ltd,380600.00,12.0,22836.00,22836.00,0.00,45672.00,426272.00
2B_0358,INV/23-24/16358,2023-07-10,27AAACL0123M1Z8,Larsen & Toubro Ltd,222800.00,28.0,31192.00,31192.00,0.00,62384.00,285184.00
2B_0715,INV/23-24/16715,2023-10-23,27AAACM8890K1Z1,Mahindra & Mahindra Logistics Pvt Ltd,411600.00,12.0,24696.00,24696.00,0.00,49392.00,460992.00
2B_0356,INV/23-24/16356,2024-01-01,27AAACL0123M1Z8,Larsen & Toubro Ltd,274200.00,12.0,16452.00,16452.00,0.00,32904.00,307104.00
2B_0442,INV/23-24/16442,2023-09-14,07AAACZ9988J1ZW,Zomato Private Limited,166600.00,12.0,0.00,0.00,19992.00,19992.00,186592.00
2B_0278,INV/23-24/16278,2023-05-28,27AAACC5544E1ZO,Cipla Limited,35200.00,5.0,880.00,880.00,0.00,1760.00,36960.00
2B_0787,INV/23-24/16787,2023-04-07,27AAACG9876E1Z9,Godrej Consumer Products Ltd,98900.00,18.0,8901.00,8901.00,0.00,17802.00,116702.00
2B_0602,INV/23-24/16602,2023-09-20,32AAACA7788L1ZA,Apollo Tyres Ltd,457000.00,12.0,0.00,0.00,54840.00,54840.00,511840.00
2B_0313,INV/23-24/16313,2023-06-04,27AAACT2727Q1ZW,Tata Consultancy Services Ltd,441300.00,12.0,26478.00,26478.00,0.00,52956.00,494256.00
2B_0709,INV/23-24/16709,2024-01-14,24AAACA3322C1ZK,ADANI ENTERPRISES PRIVATE LIMITED,289100.00,5.0,0.00,0.00,14455.00,14455.00,303555.00
2B_0579,INV/23-24/16579,2023-09-28,08AAACV7766G1ZS,Vedanta Resources Ltd,456700.00,28.0,0.00,0.00,127876.00,127876.00,584576.00
2B_0318,INV/23-24/16318,2023-08-24,06AAACM9900N1ZG,Maruti Suzuki India Ltd,38700.00,5.0,0.00,0.00,1935.00,1935.00,40635.00
2B_0758,INV/23-24/16758,2023-10-31,27AAACU3344R1Z0,UltraTech Cement Ltd,142600.00,28.0,19964.00,19964.00,0.00,39928.00,182528.00
2B_0806,INV/23-24/16806,2024-01-17,27AAACB0002G1Z6,Bharat Petroleum Corp Ltd,372500.00,18.0,33525.00,33525.00,0.00,67050.00,439550.00
2B_0980,INV/23-24/16980,2023-10-29,27AABCR1234D1ZA,Reliance Retail Private Limited,390300.00,5.0,9757.50,9757.50,0.00,19515.00,409815.00
2B_0305,16305,2023-09-09,29AAACT6677K1Z8,Titan Company Ltd,308400.00,5.0,0.00,0.00,15420.00,15420.00,323820.00
2B_0532,INV/23-24/16532,2024-02-24,08AAACV7766G1ZS,Vedanta Resources Ltd,236800.00,18.0,0.00,0.00,42624.00,42624.00,279424.00
2B_0707,INV/23-24/16707,2023-06-23,27AAACA0001F1Z4,Asian Paints Limited,327800.00,12.0,19668.00,19668.00,0.00,39336.00,367136.00
2B_0219,INV/23-24/16219,2023-12-04,27AAACM8890K1Z1,Mahindra & Mahindra Logistics Pvt Ltd,327200.00,5.0,8180.00,8180.00,0.00,16360.00,343560.00
2B_0659,INV/23-24/16659,2023-06-29,29AAACW1122J1Z7,Wipro Technologies Pvt Ltd,312000.00,5.0,0.00,0.00,15600.00,15600.00,327600.00
2B_0215,INV/23-24/16215,2023-05-28,19AAACB6655F1ZQ,Britannia Industries Ltd,30500.00,5.0,0.00,0.00,1525.00,1525.00,32025.00
2B_0338,INV/23-24/16338,2023-08-09,27AAACB2345H1Z5,Bajaj Electricals Ltd,314400.00,5.0,7860.00,7860.00,0.00,15720.00,330120.00
2B_0191,INV/23-24/16191,2024-01-23,07AAACH2233P1ZC,Havells India Limited,331500.00,12.0,0.00,0.00,39780.00,39780.00,371280.00
2B_0355,INV/23-24/16355,2023-09-27,29AAGCB1234K1ZY,Swiggy Bundl Technologies Pvt Ltd,267000.00,18.0,0.00,0.00,48060.00,48060.00,315060.00
2B_0271,INV/23-24/16271,2023-08-28,08AAACV7766G1ZS,VEDANTA LIMITED,159000.00,28.0,0.00,0.00,44520.00,44520.00,203520.00
2B_0103,INV/23-24/16103,2023-04-22,07AAACH2233P1ZC,Havells India Limited,183800.00,28.0,0.00,0.00,51464.00,51464.00,235264.00
2B_0216,INV/23-24/16216,2023-10-08,19AAACB6655F1ZQ,Britannia Industries Ltd,355300.00,12.0,0.00,0.00,42636.00,42636.00,397936.00
2B_0545,INV/23-24/16545,2024-03-28,29AAACW1122J1Z7,Wipro Technologies Pvt Ltd,102000.00,5.0,0.00,0.00,5100.00,5100.00,107100.00
2B_0023,INV/23-24/16023,2023-07-16,27AAACB2345H1Z5,Bajaj Electricals Ltd,338000.00,18.0,30420.00,30420.00,0.00,60840.00,398840.00
2B_0704,INV/23-24/16704,2023-10-25,07AAACH2233P1ZC,Havells India Limited,190100.00,5.0,0.00,0.00,9505.00,9505.00,199605.00
2B_0752,INV/23-24/16752,2023-12-03,27AAACT2727Q1ZW,Tata Consultancy Services Ltd,330900.00,18.0,29781.00,29781.00,0.00,59562.00,390462.00
2B_0231,INV/23-24/16231,2023-06-27,29AAACW1122J1Z7,WIPRO LIMITED,272200.00,28.0,0.00,0.00,76216.00,76216.00,348416.00
2B_0514,INV/23-24/16514,2023-11-21,29AAGCB1234K1ZY,Swiggy Bundl Technologies Pvt Ltd,108300.00,5.0,0.00,0.00,5415.00,5415.00,113715.00
2B_0476,INV/23-24/16476,2023-11-08,07AAACH8877H1ZU,Hero MotoCorp Ltd,336300.00,18.0,0.00,0.00,60534.00,60534.00,396834.00
2B_0551,INV/23-24/16551,2023-05-16,29AAACT6677K1Z8,Titan Company Ltd,70600.00,5.0,0.00,0.00,3530.00,3530.00,74130.00
2B_0559,INV/23-24/16559,2024-02-16,07AAACH2233P1ZC,Havells India Limited,12700.00,18.0,0.00,0.00,2286.00,2286.00,14986.00
2B_0556,INV/23-24/16556,2023-09-29,19AAACB6655F1ZQ,Britannia Industries Ltd,132400.00,28.0,0.00,0.00,37072.00,37072.00,169472.00
2B_0243,INV/23-24/16243,2024-03-14,27AAACB2345H1Z5,Bajaj Electricals Ltd,144500.00,18.0,13005.00,13005.00,0.00,26010.00,170510.00
2B_0598,INV/23-24/16598,2023-04-02,24AAACA3322C1ZK,Adani Enterprises Ltd,81500.00,5.0,0.00,0.00,4075.00,4075.00,85575.00
2B_0091,INV/23-24/16091,2023-07-07,27AAACU3344R1Z0,UltraTech Cement Ltd,261500.00,5.0,6537.50,6537.50,0.00,13075.00,274575.00
2B_0492,INV/23-24/16492,2024-01-15,27AAACB2345H1Z5,Bajaj Electricals Ltd,288400.00,18.0,25956.00,25956.00,0.00,51912.00,340312.00
2B_0196,INV/23-24/16196,2023-10-22,27AAACL0123M1Z8,Larsen & Toubro Ltd,139300.00,5.0,3482.50,3482.50,0.00,6965.00,146265.00
2B_0403,16403,2023-04-18,29AAACT6677K1Z8,Titan Company Ltd,160200.00,5.0,0.00,0.00,8010.00,8010.00,168210.00
2B_0562,INV/23-24/16562,2023-11-28,27AAACB2345H1Z5,Bajaj Electricals Ltd,23500.00,5.0,587.50,587.50,0.00,1175.00,24675.00
2B_0346,INV/23-24/16346,2023-11-03,32AAACA7788L1ZA,Apollo Tyres Ltd,175800.00,28.0,0.00,0.00,49224.00,49224.00,225024.00
2B_0361,INV/23-24/16361,2023-09-04,29AAGCB1234K1ZY,Swiggy Bundl Technologies Pvt Ltd,171300.00,5.0,0.00,0.00,8565.00,8565.00,179865.00
2B_0011,INV/23-24/16011,2023-10-19,07AAACZ9988J1ZW,Zomato Private Limited,278000.00,28.0,0.00,0.00,77840.00,77840.00,355840.00
2B_0763,INV/23-24/16763,2023-04-06,24AAACS4433D1ZM,Sun Pharmaceutical Industries Ltd,491600.00,12.0,0.00,0.00,58992.00,58992.00,550592.00
2B_0874,INV/23-24/16874,2024-03-13,27AAACB0002G1Z6,Bharat Petroleum Corp Ltd,186600.00,18.0,16794.00,16794.00,0.00,33588.00,220188.00
2B_0071,INV/23-24/16071,2023-11-19,07AAACZ9988J1ZW,Zomato Private Limited,65500.00,5.0,0.00,0.00,3275.00,3275.00,68775.00
2B_0652,INV/23-24/16652,2023-05-25,27AAACM8890K1Z1,Mahindra & Mahindra Logistics Pvt Ltd,89600.00,28.0,12544.00,12544.00,0.00,25088.00,114688.00
2B_0515,INV/23-24/16515,2023-11-18,08AAACV7766G1ZS,Vedanta Resources Ltd,327900.00,12.0,0.00,0.00,39348.00,39348.00,367248.00
2B_0555,INV/23-24/16555,2023-05-24,29AAACT6677K1Z8,Titan Company Ltd,42300.00,28.0,0.00,0.00,11844.00,11844.00,54144.00
2B_0378,INV/23-24/16378,2023-08-01,27AAACB2345H1Z5,Bajaj Electricals Ltd,309100.00,18.0,27819.00,27819.00,0.00,55638.00,364738.00
2B_0945,INV/23-24/16945,2023-09-01,07AAACZ9988J1ZW,Zomato Private Limited,183300.00,5.0,0.00,0.00,9165.00,9165.00,192465.00
2B_0745,INV/23-24/16745,2023-05-19,24AAACS4433D1ZM,Sun Pharmaceutical Industries Ltd,295200.00,28.0,0.00,0.00,82656.00,82656.00,377856.00
2B_0022,INV/23-24/16022,2023-08-28,27AAACG9876E1Z9,Godrej Consumer Products Ltd,379700.00,18.0,34173.00,34173.00,0.00,68346.00,448046.00
2B_0826,INV/23-24/16826,2023-10-24,08AAACV7766G1ZS,Vedanta Resources Ltd,196500.00,28.0,0.00,0.00,55020.00,55020.00,251520.00
2B_0489,INV/23-24/16489,2024-01-12,27AABCR1234D1ZA,Reliance Retail Private Limited,82500.00,12.0,4950.00,4950.00,0.00,9900.00,92400.00
2B_0688,INV/23-24/16688,2023-10-09,32AAACA7788L1ZA,Apollo Tyres Ltd,485050.00,18.0,0.00,0.00,87309.00,87309.00,572359.00
2B_0857,INV/23-24/16857,2023-06-01,27AABCR1234D1ZA,Reliance Retail Private Limited,406300.00,12.0,24378.00,24378.00,0.00,48756.00,455056.00
2B_0935,INV/23-24/16935,2023-11-09,27AAACC5544E1ZO,Cipla Limited,309800.00,12.0,18588.00,18588.00,0.00,37176.00,346976.00
2B_0988,INV/23-24/16988,2023-09-12,24AAACA3322C1ZK,Adani Enterprises Ltd,83100.00,5.0,0.00,0.00,4155.00,4155.00,87255.00
2B_0268,INV/23-24/16268,2023-07-25,07AAACH2233P1ZC,Havells India Limited,273200.00,12.0,0.00,0.00,32784.00,32784.00,305984.00
2B_0333,INV/23-24/16333,2023-12-17,27AAACB0002G1Z6,Bharat Petroleum Corp Ltd,114700.00,5.0,2867.50,2867.50,0.00,5735.00,120435.00
2B_0092,INV/23-24/16092,2023-08-10,08AAACV7766G1ZS,Vedanta Resources Ltd,412000.00,28.0,0.00,0.00,115360.00,115360.00,527360.00
2B_0690,INV/23-24/16690,2023-11-01,07AAACD5566T1ZE,Dabur India Limited,7200.00,18.0,0.00,0.00,1296.00,1296.00,8496.00
2B_0622,INV/23-24/16622,2023-06-28,29AAACI4567A1Z3,Infosys Limited,465900.00,12.0,0.00,0.00,55908.00,55908.00,521808.00
2B_0932,INV/23-24/16932,2023-09-12,07AAACZ9988J1ZW,Zomato Private Limited,181400.00,12.0,0.00,0.00,21768.00,21768.00,203168.00
2B_0967,INV/23-24/16967,2023-12-07,27AAACT2727Q1ZW,Tata Consultancy Services Ltd,411400.00,5.0,10285.00,10285.00,0.00,20570.00,431970.00
2B_0202,INV/23-24/16202,2023-09-16,24AAACA3322C1ZK,Adani Enterprises Ltd,38700.00,18.0,0.00,0.00,6966.00,6966.00,45666.00
2B_0771,INV/23-24/16771,2023-07-22,07AAACZ9988J1ZW,Zomato Private Limited,475900.00,5.0,0.00,0.00,23795.00,23795.00,499695.00
2B_0996,INV/23-24/16996,2024-03-30,27AAACT2727Q1ZW,Tata Consultancy Services Ltd,499900.00,12.0,29994.00,29994.00,0.00,59988.00,559888.00
2B_0194,INV/23-24/16194,2024-03-05,07AAACH2233P1ZC,Havells India Limited,141500.00,5.0,0.00,0.00,7075.00,7075.00,148575.00
2B_0869,INV/23-24/16869,2023-07-28,27AAACH1111B1Z2,Hindustan Unilever Ltd,227400.00,12.0,13644.00,13644.00,0.00,27288.00,254688.00
2B_0112,INV/23-24/16112,2023-05-03,24AAACS4433D1ZM,Sun Pharmaceutical Industries Ltd,133600.00,12.0,0.00,0.00,16032.00,16032.00,149632.00
2B_0976,INV/23-24/16976,2024-03-07,27AAACH1111B1Z2,Hindustan Unilever Ltd,239700.00,28.0,33558.00,33558.00,0.00,67116.00,306816.00
2B_0479,INV/23-24/16479,2024-03-27,07AAACZ9988J1ZW,Zomato Private Limited,119000.00,5.0,0.00,0.00,5950.00,5950.00,124950.00
2B_0805,INV/23-24/16805,2023-12-13,29AAGCB1234K1ZY,Swiggy Bundl Technologies Pvt Ltd,165800.00,18.0,0.00,0.00,29844.00,29844.00,195644.00
2B_0016,INV/23-24/16016,2023-08-11,27AAACU3344R1Z0,UltraTech Cement Ltd,159900.00,18.0,14391.00,14391.00,0.00,28782.00,188682.00
2B_0796,INV/23-24/16796,2023-08-21,27AAACA0001F1Z4,Asian Paints Limited,41800.00,12.0,2508.00,2508.00,0.00,5016.00,46816.00
2B_0653,INV/23-24/16653,2023-10-07,29AAGCB1234K1ZY,Swiggy Bundl Technologies Pvt Ltd,385700.00,5.0,0.00,0.00,19285.00,19285.00,404985.00
2B_0925,INV/23-24/16925,2023-07-05,07AAACZ9988J1ZW,Zomato Private Limited,215100.00,5.0,0.00,0.00,10755.00,10755.00,225855.00
2B_0214,INV/23-24/16214,2023-10-30,27AAACL0123M1Z8,Larsen & Toubro Ltd,137700.00,28.0,19278.00,19278.00,0.00,38556.00,176256.00
2B_0649,INV/23-24/16649,2023-11-20,27AAACG9876E1Z9,Godrej Consumer Products Ltd,111600.00,28.0,15624.00,15624.00,0.00,31248.00,142848.00
2B_0020,INV/23-24/16020,2023-10-26,27AAACA0001F1Z4,Asian Paints Limited,161000.00,12.0,9660.00,9660.00,0.00,19320.00,180320.00
2B_0895,INV/23-24/16895,2023-08-01,29AAACI4567A1Z3,Infosys Limited,18700.00,12.0,0.00,0.00,2244.00,2244.00,20944.00
2B_0270,INV/23-24/16270,2023-11-04,24AAACS4433D1ZM,Sun Pharmaceutical Industries Ltd,296800.00,5.0,0.00,0.00,14840.00,14840.00,311640.00
2B_0451,INV/23-24/16451,2023-05-02,29AAGCB1234K1ZY,Swiggy Bundl Technologies Pvt Ltd,6600.00,12.0,0.00,0.00,792.00,792.00,7392.00
2B_0221,16221,2023-09-02,27AAACB0002G1Z6,Bharat Petroleum Corp Ltd,140000.00,18.0,12600.00,12600.00,0.00,25200.00,165200.00
2B_0041,INV/23-24/16041,2023-11-12,27AAACH1111B1Z2,Hindustan Unilever Ltd,388700.00,28.0,54418.00,54418.00,0.00,108836.00,497536.00
2B_0110,INV/23-24/16110,2023-05-25,27AAACL0123M1Z8,Larsen & Toubro Ltd,172700.00,12.0,10362.00,10362.00,0.00,20724.00,193424.00
2B_0117,INV/23-24/16117,2023-08-31,24AAACA3322C1ZK,Adani Enterprises Ltd,333800.00,28.0,0.00,0.00,93464.00,93464.00,427264.00
2B_0601,INV/23-24/16601,2023-09-11,32AAACA7788L1ZA,Apollo Tyres Ltd,105100.00,28.0,0.00,0.00,29428.00,29428.00,134528.00
2B_0250,INV/23-24/16250,2023-11-28,29AAACT6677K1Z8,Titan Company Ltd,225500.00,18.0,0.00,0.00,40590.00,40590.00,266090.00
2B_0713,INV/23-24/16713,2024-02-08,29AAGCB1234K1ZY,Swiggy Bundl Technologies Pvt Ltd,261400.00,28.0,0.00,0.00,73192.00,73192.00,334592.00
2B_0263,INV/23-24/16263,2023-06-29,24AAACA3322C1ZK,Adani Enterprises Ltd,293800.00,5.0,0.00,0.00,14690.00,14690.00,308490.00
2B_0852,INV/23-24/16852,2023-10-26,27AAACB0002G1Z6,Bharat Petroleum Corp Ltd,29300.00,28.0,4102.00,4102.00,0.00,8204.00,37504.00
2B_0081,INV/23-24/16081,2023-06-30,27AAACM8890K1Z1,Mahindra & Mahindra Logistics Pvt Ltd,312700.00,5.0,7817.50,7817.50,0.00,15635.00,328335.00
2B_0702,INV/23-24/16702,2023-05-29,07AAACH2233P1ZC,Havells India Limited,53600.00,18.0,0.00,0.00,9648.00,9648.00,63248.00
2B_0387,INV/23-24/16387,2023-11-01,27AAACH1111B1Z2,Hindustan Unilever Ltd,146200.00,12.0,8772.00,8772.00,0.00,17544.00,163744.00
2B_0334,INV/23-24/16334,2023-07-03,29AAACW1122J1Z7,Wipro Technologies Pvt Ltd,403200.00,28.0,0.00,0.00,112896.00,112896.00,516096.00
2B_0844,INV/23-24/16844,2023-04-24,06AAACM9900N1ZG,Maruti Suzuki India Ltd,494700.00,18.0,0.00,0.00,89046.00,89046.00,583746.00
2B_0405,INV/23-24/16405,2024-01-02,27AABCR1234D1ZA,Reliance Retail Private Limited,172200.00,5.0,4305.00,4305.00,0.00,8610.00,180810.00
2B_0838,INV/23-24/16838,2023-04-12,32AAACA7788L1ZA,Apollo Tyres Ltd,177800.00,28.0,0.00,0.00,49784.00,49784.00,227584.00
2B_0972,16972,2023-07-11,07AAACH2233P1ZC,Havells India Limited,488900.00,5.0,0.00,0.00,24445.00,24445.00,513345.00
2B_0084,INV/23-24/16084,2023-07-10,07AAACZ9988J1ZW,Zomato Private Limited,447000.00,5.0,0.00,0.00,22350.00,22350.00,469350.00
2B_0495,INV/23-24/16495,2023-08-14,27AAACB2345H1Z5,Bajaj Electricals Ltd,50300.00,12.0,3018.00,3018.00,0.00,6036.00,56336.00
2B_0115,INV/23-24/16115,2024-01-01,06AAACM9900N1ZG,Maruti Suzuki India Ltd,310100.00,5.0,0.00,0.00,15505.00,15505.00,325605.00
2B_0132,INV/23-24/16132,2023-07-21,27AAACB2345H1Z5,Bajaj Electricals Ltd,440700.00,18.0,39663.00,39663.00,0.00,79326.00,520026.00
2B_0153,INV/23-24/16153,2023-12-04,27AAACB0002G1Z6,Bharat Petroleum Corp Ltd,180700.00,12.0,10842.00,10842.00,0.00,21684.00,202384.00
2B_0421,INV/23-24/16421,2024-03-11,27AAACC5544E1ZO,CIPLA PVT LTD,175500.00,5.0,4387.50,4387.50,0.00,8775.00,184275.00
2B_0658,INV/23-24/16658,2024-01-09,27AAACH1111B1Z2,Hindustan Unilever Ltd,477700.00,28.0,66878.00,66878.00,0.00,133756.00,611456.00
2B_0445,INV/23-24/16445,2023-07-24,29AAACI4567A1Z3,Infosys Limited,101000.00,12.0,0.00,0.00,12120.00,12120.00,113120.00
2B_0382,INV/23-24/16382,2024-01-11,29AAACT6677K1Z8,Titan Company Ltd,485750.00,5.0,0.00,0.00,24287.50,24287.50,510037.50
2B_0002,INV/23-24/16002,2023-09-15,32AAACA7788L1ZA,Apollo Tyres Ltd,397300.00,5.0,0.00,0.00,19865.00,19865.00,417165.00
2B_0017,INV/23-24/16017,2023-10-16,07AAACH8877H1ZU,Hero MotoCorp Ltd,329800.00,18.0,0.00,0.00,59364.00,59364.00,389164.00
2B_0892,INV/23-24/16892,2023-10-15,07AAACD5566T1ZE,Dabur India Limited,496300.00,5.0,0.00,0.00,24815.00,24815.00,521115.00
2B_0119,INV/23-24/16119,2024-01-10,06AAACM9900N1ZG,Maruti Suzuki India Ltd,219700.00,18.0,0.00,0.00,39546.00,39546.00,259246.00
2B_0906,INV/23-24/16906,2024-01-08,29AAACW1122J1Z7,Wipro Technologies Pvt Ltd,154600.00,5.0,0.00,0.00,7730.00,7730.00,162330.00
2B_0109,INV/23-24/16109,2023-09-21,27AAACH1111B1Z2,Hindustan Unilever Ltd,456500.00,5.0,11412.50,11412.50,0.00,22825.00,479325.00
2B_0038,INV/23-24/16038,2023-09-17,27AAACM8890K1Z1,Mahindra & Mahindra Logistics Pvt Ltd,115100.00,5.0,2877.50,2877.50,0.00,5755.00,120855.00
2B_0332,INV/23-24/16332,2023-08-05,27AAACL0123M1Z8,Larsen & Toubro Ltd,242700.00,28.0,33978.00,33978.00,0.00,67956.00,310656.00
2B_0582,INV/23-24/16582,2023-11-10,08AAACV7766G1ZS,Vedanta Resources Ltd,59300.00,18.0,0.00,0.00,10674.00,10674.00,69974.00
2B_0485,INV/23-24/16485,2023-11-26,07AAACH8877H1ZU,Hero MotoCorp Ltd,116300.00,18.0,0.00,0.00,20934.00,20934.00,137234.00
2B_0303,INV/23-24/16303,2023-04-06,27AAACH1111B1Z2,Hindustan Unilever Ltd,477200.00,18.0,42948.00,42948.00,0.00,85896.00,563096.00
2B_0234,INV/23-24/16234,2023-09-26,27AAACM8890K1Z1,Mahindra & Mahindra Logistics Pvt Ltd,277800.00,18.0,25002.00,25002.00,0.00,50004.00,327804.00
2B_0174,INV/23-24/16174,2024-03-22,27AAACB0002G1Z6,Bharat Petroleum Corp Ltd,306900.00,28.0,42966.00,42966.00,0.00,85932.00,392832.00
2B_0237,INV/23-24/16237,2023-05-17,27AAACB0002G1Z6,Bharat Petroleum Corp Ltd,156400.00,12.0,9384.00,9384.00,0.00,18768.00,175168.00
2B_0944,INV/23-24/16944,2023-08-24,08AAACV7766G1ZS,Vedanta Resources Ltd,32600.00,12.0,0.00,0.00,3912.00,3912.00,36512.00
2B_0811,INV/23-24/16811,2023-12-21,29AAACT6677K1Z8,Titan Company Ltd,167000.00,12.0,0.00,0.00,20040.00,20040.00,187040.00
2B_0664,INV/23-24/16664,2023-12-10,08AAACV7766G1ZS,Vedanta Resources Ltd,225000.00,28.0,0.00,0.00,63000.00,63000.00,288000.00
2B_0683,INV/23-24/16683,2024-01-14,19AAACB6655F1ZQ,Britannia Industries Ltd,249500.00,18.0,0.00,0.00,44910.00,44910.00,294410.00
2B_0184,INV/23-24/16184,2023-04-02,32AAACA7788L1ZA,Apollo Tyres Ltd,465700.00,5.0,0.00,0.00,23285.00,23285.00,488985.00
2B_0369,INV/23-24/16369,2023-07-05,27AAACG9876E1Z9,Godrej Consumer Products Ltd,23900.00,28.0,3346.00,3346.00,0.00,6692.00,30592.00
2B_0144,INV/23-24/16144,2023-09-12,27AAACG9876E1Z9,Godrej Consumer Products Ltd,8100.00,5.0,202.50,202.50,0.00,405.00,8505.00
2B_0662,INV/23-24/16662,2024-01-07,27AAACB2345H1Z5,BAJAJ ELECTRICALS PVT LTD,470800.00,28.0,65912.00,65912.00,0.00,131824.00,602624.00
2B_0770,INV/23-24/16770,2023-04-26,07AAACH8877H1ZU,HERO MOTOCORP PRIVATE LIMITED,66300.00,12.0,0.00,0.00,7956.00,7956.00,74256.00
2B_0940,INV/23-24/16940,2023-04-06,27AAACM8890K1Z1,Mahindra & Mahindra Logistics Pvt Ltd,334600.00,12.0,20076.00,20076.00,0.00,40152.00,374752.00
2B_0460,INV/23-24/16460,2023-11-20,08AAACV7766G1ZS,Vedanta Resources Ltd,170100.00,28.0,0.00,0.00,47628.00,47628.00,217728.00
2B_0173,INV/23-24/16173,2024-03-25,07AAACZ9988J1ZW,Zomato Private Limited,128400.00,5.0,0.00,0.00,6420.00,6420.00,134820.00
2B_0437,INV/23-24/16437,2023-05-27,29AAACT6677K1Z8,Titan Company Ltd,467400.00,5.0,0.00,0.00,23370.00,23370.00,490770.00
2B_0539,INV/23-24/16539,2023-12-21,27AAACB2345H1Z5,Bajaj Electricals Ltd,437700.00,5.0,10942.50,10942.50,0.00,21885.00,459585.00
2B_0697,INV/23-24/16697,2023-07-25,24AAACA3322C1ZK,Adani Enterprises Ltd,484000.00,5.0,0.00,0.00,24200.00,24200.00,508200.00
2B_0360,INV/23-24/16360,2023-08-17,27AAACL0123M1Z8,Larsen & Toubro Ltd,319300.00,5.0,7982.50,7982.50,0.00,15965.00,335265.00
2B_0427,INV/23-24/16427,2023-04-19,27AAACU3344R1Z0,UltraTech Cement Ltd,318100.00,12.0,19086.00,19086.00,0.00,38172.00,356272.00
2B_0648,INV/23-24/16648,2023-12-01,27AAACH1111B1Z2,Hindustan Unilever Ltd,153200.00,12.0,9192.00,9192.00,0.00,18384.00,171584.00
2B_0325,INV/23-24/16325,2024-02-11,27AAACG9876E1Z9,Godrej Consumer Products Ltd,203200.00,5.0,5080.00,5080.00,0.00,10160.00,213360.00
2B_0992,INV/23-24/16992,2023-04-02,19AAACB6655F1ZQ,Britannia Industries Ltd,392300.00,28.0,0.00,0.00,109844.00,109844.00,502144.00
2B_0626,INV/23-24/16626,2023-06-09,07AAACD5566T1ZE,Dabur India Limited,210300.00,28.0,0.00,0.00,58884.00,58884.00,269184.00
2B_0760,16760,2024-02-25,27AAACG9876E1Z9,Godrej Consumer Products Ltd,152600.00,18.0,13734.00,13734.00,0.00,27468.00,180068.00
2B_0730,INV/23-24/16730,2023-05-02,07AAACH2233P1ZC,Havells India Limited,226500.00,5.0,0.00,0.00,11325.00,11325.00,237825.00
2B_0627,INV/23-24/16627,2024-03-15,27AAACT2727Q1ZW,Tata Consultancy Services Ltd,314000.00,28.0,43960.00,43960.00,0.00,87920.00,401920.00
2B_0039,INV/23-24/16039,2023-07-14,27AAACB0002G1Z6,Bharat Petroleum Corp Ltd,181500.00,5.0,4537.50,4537.50,0.00,9075.00,190575.00
2B_0884,INV/23-24/16884,2023-06-16,29AAACT6677K1Z8,Titan Company Ltd,334400.00,12.0,0.00,0.00,40128.00,40128.00,374528.00
2B_0264,INV/23-24/16264,2023-04-05,32AAACA7788L1ZA,Apollo Tyres Ltd,165800.00,12.0,0.00,0.00,19896.00,19896.00,185696.00
2B_0686,INV/23-24/16686,2024-02-24,29AAACT6677K1Z8,Titan Company Ltd,457900.00,12.0,0.00,0.00,54948.00,54948.00,512848.00
2B_0114,INV/23-24/16114,2023-08-30,27AAACB2345H1Z5,Bajaj Electricals Ltd,309800.00,5.0,7745.00,7745.00,0.00,15490.00,325290.00
2B_0074,INV/23-24/16074,2024-02-12,27AAACU3344R1Z0,UltraTech Cement Ltd,486400.00,5.0,12160.00,12160.00,0.00,24320.00,510720.00
2B_0882,INV/23-24/16882,2023-12-19,29AAACI4567A1Z3,Infosys Limited,30400.00,12.0,0.00,0.00,3648.00,3648.00,34048.00
2B_0672,INV/23-24/16672,2023-07-24,27AAACH1111B1Z2,Hindustan Unilever Ltd,478100.00,28.0,66934.00,66934.00,0.00,133868.00,611968.00
2B_0540,INV/23-24/16540,2023-04-12,27AAACH1111B1Z2,Hindustan Unilever Ltd,444350.00,28.0,62209.00,62209.00,0.00,124418.00,568768.00
2B_0818,INV/23-24/16818,2023-12-30,29AAGCB1234K1ZY,Swiggy Bundl Technologies Pvt Ltd,395450.00,12.0,0.00,0.00,47454.00,47454.00,442904.00
2B_0898,INV/23-24/16898,2023-07-21,27AAACH1111B1Z2,Hindustan Unilever Ltd,225600.00,18.0,20304.00,20304.00,0.00,40608.00,266208.00
2B_0678,INV/23-24/16678,2024-03-23,27AAACC5544E1ZO,Cipla Limited,94000.00,18.0,8460.00,8460.00,0.00,16920.00,110920.00
2B_0122,INV/23-24/16122,2024-02-21,27AAACB2345H1Z5,Bajaj Electricals Ltd,367200.00,28.0,51408.00,51408.00,0.00,102816.00,470016.00
2B_0641,INV/23-24/16641,2023-08-10,27AAACC5544E1ZO,Cipla Limited,356400.00,28.0,49896.00,49896.00,0.00,99792.00,456192.00
2B_0329,16329,2023-10-15,29AAACW1122J1Z7,Wipro Technologies Pvt Ltd,278800.00,5.0,0.00,0.00,13940.00,13940.00,292740.00
2B_0949,INV/23-24/16949,2024-03-09,24AAACS4433D1ZM,Sun Pharmaceutical Industries Ltd,273000.00,28.0,0.00,0.00,76440.00,76440.00,349440.00
2B_0889,INV/23-24/16889,2023-07-04,06AAACM9900N1ZG,Maruti Suzuki India Ltd,467800.00,18.0,0.00,0.00,84204.00,84204.00,552004.00
2B_0001,INV/23-24/16001,2023-05-29,27AAACM8890K1Z1,Mahindra & Mahindra Logistics Pvt Ltd,146900.00,5.0,3672.50,3672.50,0.00,7345.00,154245.00
2B_0368,INV/23-24/16368,2023-11-25,27AAACC5544E1ZO,Cipla Limited,97300.00,5.0,2432.50,2432.50,0.00,4865.00,102165.00
2B_0135,INV/23-24/16135,2023-12-25,27AAACC5544E1ZO,Cipla Limited,130600.00,28.0,18284.00,18284.00,0.00,36568.00,167168.00
2B_0902,INV/23-24/16902,2023-08-31,27AAACT2727Q1ZW,Tata Consultancy Services Ltd,121800.00,18.0,10962.00,10962.00,0.00,21924.00,143724.00
2B_0306,INV/23-24/16306,2024-01-25,27AAACM8890K1Z1,Mahindra & Mahindra Logistics Pvt Ltd,351400.00,28.0,49196.00,49196.00,0.00,98392.00,449792.00
2B_0776,INV/23-24/16776,2023-04-11,07AAACH8877H1ZU,Hero MotoCorp Ltd,348900.00,5.0,0.00,0.00,17445.00,17445.00,366345.00
2B_0099,INV/23-24/16099,2024-01-03,27AABCR1234D1ZA,RELIANCE RETAIL LTD,291100.00,28.0,40754.00,40754.00,0.00,81508.00,372608.00
2B_0956,INV/23-24/16956,2024-01-17,27AAACC5544E1ZO,Cipla Limited,107400.00,28.0,15036.00,15036.00,0.00,30072.00,137472.00
2B_0894,INV/23-24/16894,2024-01-11,27AAACB0002G1Z6,Bharat Petroleum Corp Ltd,17700.00,12.0,1062.00,1062.00,0.00,2124.00,19824.00
2B_0147,INV/23-24/16147,2024-01-09,24AAACA3322C1ZK,Adani Enterprises Ltd,296000.00,5.0,0.00,0.00,14800.00,14800.00,310800.00
2B_0051,INV/23-24/16051,2023-05-05,24AAACA3322C1ZK,Adani Enterprises Ltd,380500.00,18.0,0.00,0.00,68490.00,68490.00,448990.00
2B_0152,INV/23-24/16152,2024-02-07,27AAACB2345H1Z5,Bajaj Electricals Ltd,415900.00,12.0,24954.00,24954.00,0.00,49908.00,465808.00
2B_0904,INV/23-24/16904,2023-05-17,27AAACC5544E1ZO,Cipla Limited,484600.00,5.0,12115.00,12115.00,0.00,24230.00,508830.00
2B_0240,INV/23-24/16240,2024-02-23,07AAACD5566T1ZE,Dabur India Limited,444100.00,18.0,0.00,0.00,79938.00,79938.00,524038.00
2B_0172,INV/23-24/16172,2023-07-01,27AAACA0001F1Z4,Asian Paints Limited,412500.00,18.0,37125.00,37125.00,0.00,74250.00,486750.00
2B_0970,INV/23-24/16970,2024-03-05,07AAACD5566T1ZE,Dabur India Limited,476500.00,5.0,0.00,0.00,23825.00,23825.00,500325.00
2B_0503,INV/23-24/16503,2023-09-14,07AAACZ9988J1ZW,Zomato Private Limited,361500.00,28.0,0.00,0.00,101220.00,101220.00,462720.00
2B_0468,INV/23-24/16468,2024-03-05,27AABCR1234D1ZA,Reliance Retail Private Limited,80700.00,18.0,7263.00,7263.00,0.00,14526.00,95226.00
2B_0178,INV/23-24/16178,2023-09-14,06AAACM9900N1ZG,Maruti Suzuki India Ltd,286300.00,12.0,0.00,0.00,34356.00,34356.00,320656.00
2B_0275,INV/23-24/16275,2023-10-20,27AAACA0001F1Z4,Asian Paints Limited,176900.00,12.0,10614.00,10614.00,0.00,21228.00,198128.00
2B_0743,INV/23-24/16743,2024-01-20,07AAACD5566T1ZE,Dabur India Limited,318100.00,28.0,0.00,0.00,89068.00,89068.00,407168.00
2B_0401,INV/23-24/16401,2023-04-07,27AAACM8890K1Z1,Mahindra & Mahindra Logistics Pvt Ltd,466200.00,18.0,41958.00,41958.00,0.00,83916.00,550116.00
2B_0587,INV/23-24/16587,2023-10-04,27AAACT2727Q1ZW,Tata Consultancy Services Ltd,166800.00,12.0,10008.00,10008.00,0.00,20016.00,186816.00
2B_0422,INV/23-24/16422,2023-09-09,27AAACB2345H1Z5,Bajaj Electricals Ltd,294200.00,28.0,41188.00,41188.00,0.00,82376.00,376576.00
2B_0950,INV/23-24/16950,2024-03-07,27AAACB0002G1Z6,Bharat Petroleum Corp Ltd,135800.00,18.0,12222.00,12222.00,0.00,24444.00,160244.00
2B_0256,INV/23-24/16256,2023-09-18,27AAACA0001F1Z4,Asian Paints Limited,35000.00,12.0,2100.00,2100.00,0.00,4200.00,39200.00
2B_0728,INV/23-24/16728,2023-04-03,29AAACT6677K1Z8,Titan Company Ltd,26600.00,28.0,0.00,0.00,7448.00,7448.00,34048.00
2B_0557,INV/23-24/16557,2023-08-11,08AAACV7766G1ZS,Vedanta Resources Ltd,420600.00,5.0,0.00,0.00,21030.00,21030.00,441630.00
2B_0571,INV/23-24/16571,2023-11-16,07AAACH2233P1ZC,Havells India Limited,38000.00,12.0,0.00,0.00,4560.00,4560.00,42560.00
2B_0043,INV/23-24/16043,2023-11-05,27AAACU3344R1Z0,UltraTech Cement Ltd,363400.00,5.0,9085.00,9085.00,0.00,18170.00,381570.00
2B_0276,INV/23-24/16276,2024-02-17,27AAACM8890K1Z1,Mahindra & Mahindra Logistics Pvt Ltd,313000.00,18.0,28170.00,28170.00,0.00,56340.00,369340.00
2B_0851,INV/23-24/16851,2024-01-05,27AAACH1111B1Z2,Hindustan Unilever Ltd,68600.00,28.0,9604.00,9604.00,0.00,19208.00,87808.00
2B_0599,INV/23-24/16599,2023-08-20,07AAACH2233P1ZC,Havells India Limited,102000.00,5.0,0.00,0.00,5100.00,5100.00,107100.00
2B_0225,INV/23-24/16225,2023-07-04,07AAACH2233P1ZC,Havells India Limited,151000.00,28.0,0.00,0.00,42280.00,42280.00,193280.00
2B_0735,INV/23-24/16735,2024-01-28,29AAACI4567A1Z3,Infosys Limited,402400.00,28.0,0.00,0.00,112672.00,112672.00,515072.00
2B_0227,INV/23-24/16227,2023-11-12,29AAACW1122J1Z7,Wipro Technologies Pvt Ltd,246500.00,12.0,0.00,0.00,29580.00,29580.00,276080.00
2B_0509,INV/23-24/16509,2024-02-15,27AAACT2727Q1ZW,Tata Consultancy Services Ltd,413900.00,18.0,37251.00,37251.00,0.00,74502.00,488402.00
2B_0155,INV/23-24/16155,2023-10-24,19AAACB6655F1ZQ,Britannia Industries Ltd,449200.00,5.0,0.00,0.00,22460.00,22460.00,471660.00
2B_0961,INV/23-24/16961,2023-09-18,06AAACM9900N1ZG,Maruti Suzuki India Ltd,473400.00,28.0,0.00,0.00,132552.00,132552.00,605952.00
2B_0233,16233,2023-05-12,07AAACH2233P1ZC,Havells India Limited,405600.00,5.0,0.00,0.00,20280.00,20280.00,425880.00
2B_0258,INV/23-24/16258,2023-06-03,27AAACT2727Q1ZW,Tata Consultancy Services Ltd,164900.00,12.0,9894.00,9894.00,0.00,19788.00,184688.00
2B_0519,INV/23-24/16519,2023-11-13,29AAACT6677K1Z8,Titan Company Ltd,452100.00,28.0,0.00,0.00,126588.00,126588.00,578688.00
2B_0948,INV/23-24/16948,2023-04-17,19AAACB6655F1ZQ,Britannia Industries Ltd,113400.00,28.0,0.00,0.00,31752.00,31752.00,145152.00
2B_0384,INV/23-24/16384,2023-06-30,07AAACD5566T1ZE,Dabur India Limited,155100.00,12.0,0.00,0.00,18612.00,18612.00,173712.00
2B_0029,INV/23-24/16029,2023-11-11,27AAACM8890K1Z1,Mahindra & Mahindra Logistics Pvt Ltd,404100.00,5.0,10102.50,10102.50,0.00,20205.00,424305.00
2B_0176,INV/23-24/16176,2023-09-13,24AAACS4433D1ZM,Sun Pharmaceutical Industries Ltd,118300.00,5.0,0.00,0.00,5915.00,5915.00,124215.00
2B_0580,INV/23-24/16580,2024-03-07,29AAACT6677K1Z8,Titan Company Ltd,331300.00,18.0,0.00,0.00,59634.00,59634.00,390934.00
2B_0910,INV/23-24/16910,2023-10-10,29AAGCB1234K1ZY,Swiggy Bundl Technologies Pvt Ltd,203400.00,18.0,0.00,0.00,36612.00,36612.00,240012.00
2B_0809,INV/23-24/16809,2024-01-12,29AAGCB1234K1ZY,Swiggy Bundl Technologies Pvt Ltd,347400.00,12.0,0.00,0.00,41688.00,41688.00,389088.00
2B_0261,INV/23-24/16261,2023-04-20,06AAACM9900N1ZG,Maruti Suzuki India Ltd,354800.00,12.0,0.00,0.00,42576.00,42576.00,397376.00
2B_0619,INV/23-24/16619,2023-11-13,29AAACW1122J1Z7,Wipro Technologies Pvt Ltd,157100.00,5.0,0.00,0.00,7855.00,7855.00,164955.00
2B_0096,INV/23-24/16096,2023-12-11,27AAACH1111B1Z2,Hindustan Unilever Ltd,375500.00,12.0,22530.00,22530.00,0.00,45060.00,420560.00
2B_0504,INV/23-24/16504,2023-10-13,29AAACW1122J1Z7,Wipro Technologies Pvt Ltd,260600.00,18.0,0.00,0.00,46908.00,46908.00,307508.00
2B_0508,INV/23-24/16508,2023-07-31,27AAACL0123M1Z8,L & T LIMITED,277700.00,5.0,6942.50,6942.50,0.00,13885.00,291585.00
2B_0259,INV/23-24/16259,2023-05-13,06AAACM9900N1ZG,Maruti Suzuki India Ltd,350100.00,12.0,0.00,0.00,42012.00,42012.00,392112.00
2B_0896,INV/23-24/16896,2023-04-30,27AAACC5544E1ZO,Cipla Limited,378700.00,5.0,9467.50,9467.50,0.00,18935.00,397635.00
2B_0750,INV/23-24/16750,2024-03-29,29AAGCB1234K1ZY,Swiggy Bundl Technologies Pvt Ltd,363100.00,18.0,0.00,0.00,65358.00,65358.00,428458.00
2B_0959,INV/23-24/16959,2024-02-16,08AAACV7766G1ZS,Vedanta Resources Ltd,206500.00,5.0,0.00,0.00,10325.00,10325.00,216825.00
2B_0650,INV/23-24/16650,2023-05-01,07AAACZ9988J1ZW,Zomato Private Limited,152600.00,12.0,0.00,0.00,18312.00,18312.00,170912.00
2B_0875,INV/23-24/16875,2024-01-22,27AAACL0123M1Z8,Larsen & Toubro Ltd,437200.00,18.0,39348.00,39348.00,0.00,78696.00,515896.00
2B_0583,INV/23-24/16583,2024-01-21,27AAACC5544E1ZO,Cipla Limited,206400.00,5.0,5160.00,5160.00,0.00,10320.00,216720.00
2B_0859,INV/23-24/16859,2023-04-04,29AAACT6677K1Z8,Titan Company Ltd,379800.00,5.0,0.00,0.00,18990.00,18990.00,398790.00
2B_0607,INV/23-24/16607,2023-10-03,06AAACM9900N1ZG,Maruti Suzuki India Ltd,284600.00,5.0,0.00,0.00,14230.00,14230.00,298830.00
2B_0616,INV/23-24/16616,2023-12-29,27AAACB0002G1Z6,Bharat Petroleum Corp Ltd,398700.00,18.0,35883.00,35883.00,0.00,71766.00,470466.00
2B_0682,INV/23-24/16682,2023-09-26,27AAACL0123M1Z8,Larsen & Toubro Ltd,187000.00,28.0,26180.00,26180.00,0.00,52360.00,239360.00
2B_0345,INV/23-24/16345,2023-06-13,27AAACG9876E1Z9,Godrej Consumer Products Ltd,221300.00,5.0,5532.50,5532.50,0.00,11065.00,232365.00
2B_0208,INV/23-24/16208,2024-01-29,29AAGCB1234K1ZY,Swiggy Bundl Technologies Pvt Ltd,88400.00,28.0,0.00,0.00,24752.00,24752.00,113152.00
2B_0676,INV/23-24/16676,2023-09-14,24AAACS4433D1ZM,Sun Pharmaceutical Industries Ltd,330700.00,5.0,0.00,0.00,16535.00,16535.00,347235.00
2B_0590,INV/23-24/16590,2024-01-03,24AAACS4433D1ZM,Sun Pharmaceutical Industries Ltd,240100.00,12.0,0.00,0.00,28812.00,28812.00,268912.00
2B_0606,INV/23-24/16606,2023-12-11,24AAACS4433D1ZM,Sun Pharmaceutical Industries Ltd,466000.00,18.0,0.00,0.00,83880.00,83880.00,549880.00
2B_0830,INV/23-24/16830,2024-01-21,29AAACT6677K1Z8,Titan Company Ltd,141700.00,28.0,0.00,0.00,39676.00,39676.00,181376.00
2B_0693,INV/23-24/16693,2023-06-27,27AAACT2727Q1ZW,Tata Consultancy Services Ltd,467800.00,5.0,11695.00,11695.00,0.00,23390.00,491190.00
2B_0783,INV/23-24/16783,2023-11-24,24AAACS4433D1ZM,Sun Pharmaceutical Industries Ltd,191900.00,18.0,0.00,0.00,34542.00,34542.00,226442.00
2B_0230,INV/23-24/16230,2024-01-31,27AAACA0001F1Z4,Asian Paints Limited,310000.00,18.0,27900.00,27900.00,0.00,55800.00,365800.00
2B_0432,INV/23-24/16432,2023-11-06,27AAACH1111B1Z2,Hindustan Unilever Ltd,460400.00,28.0,64456.00,64456.00,0.00,128912.00,589312.00
2B_0958,INV/23-24/16958,2023-11-29,27AAACM8890K1Z1,Mahindra & Mahindra Logistics Pvt Ltd,74700.00,5.0,1867.50,1867.50,0.00,3735.00,78435.00
2B_0464,INV/23-24/16464,2023-04-26,27AAACB0002G1Z6,Bharat Petroleum Corp Ltd,38200.00,12.0,2292.00,2292.00,0.00,4584.00,42784.00
2B_0692,INV/23-24/16692,2024-01-05,27AAACT2727Q1ZW,Tata Consultancy Services Ltd,41500.00,12.0,2490.00,2490.00,0.00,4980.00,46480.00
2B_0862,INV/23-24/16862,2023-07-15,27AAACA0001F1Z4,Asian Paints Limited,29700.00,12.0,1782.00,1782.00,0.00,3564.00,33264.00
2B_0558,16558,2023-12-25,27AAACL0123M1Z8,Larsen & Toubro Ltd,387200.00,18.0,34848.00,34848.00,0.00,69696.00,456896.00
2B_0855,INV/23-24/16855,2023-07-08,24AAACS4433D1ZM,Sun Pharmaceutical Industries Ltd,393700.00,5.0,0.00,0.00,19685.00,19685.00,413385.00
2B_0685,INV/23-24/16685,2023-06-27,29AAACT6677K1Z8,Titan Company Ltd,276200.00,28.0,0.00,0.00,77336.00,77336.00,353536.00
2B_0975,INV/23-24/16975,2023-09-06,07AAACZ9988J1ZW,Zomato Private Limited,245700.00,12.0,0.00,0.00,29484.00,29484.00,275184.00
2B_0876,INV/23-24/16876,2023-10-12,29AAGCB1234K1ZY,Swiggy Bundl Technologies Pvt Ltd,89300.00,5.0,0.00,0.00,4465.00,4465.00,93765.00
2B_0933,INV/23-24/16933,2024-01-10,29AAGCB1234K1ZY,Swiggy Bundl Technologies Pvt Ltd,332500.00,28.0,0.00,0.00,93100.00,93100.00,425600.00
2B_0751,INV/23-24/16751,2023-06-28,32AAACA7788L1ZA,Apollo Tyres Ltd,336300.00,12.0,0.00,0.00,40356.00,40356.00,376656.00
2B_0341,INV/23-24/16341,2023-12-31,19AAACB6655F1ZQ,Britannia Industries Ltd,279200.00,12.0,0.00,0.00,33504.00,33504.00,312704.00
2B_0105,INV/23-24/16105,2023-11-24,29AAACW1122J1Z7,Wipro Technologies Pvt Ltd,205100.00,28.0,0.00,0.00,57428.00,57428.00,262528.00
2B_0228,INV/23-24/16228,2023-09-05,27AAACT2727Q1ZW,Tata Consultancy Services Ltd,413700.00,18.0,37233.00,37233.00,0.00,74466.00,488166.00
2B_0655,INV/23-24/16655,2023-11-03,27AAACL0123M1Z8,Larsen & Toubro Ltd,92300.00,28.0,12922.00,12922.00,0.00,25844.00,118144.00
2B_0281,INV/23-24/16281,2023-05-19,08AAACV7766G1ZS,Vedanta Resources Ltd,139100.00,18.0,0.00,0.00,25038.00,25038.00,164138.00
2B_0828,INV/23-24/16828,2023-10-08,27AAACA0001F1Z4,Asian Paints Limited,430500.00,5.0,10762.50,10762.50,0.00,21525.00,452025.00
2B_0061,INV/23-24/16061,2023-12-15,32AAACA7788L1ZA,Apollo Tyres Ltd,283100.00,12.0,0.00,0.00,33972.00,33972.00,317072.00
2B_0282,16282,2024-01-30,07AAACH8877H1ZU,Hero MotoCorp Ltd,447600.00,5.0,0.00,0.00,22380.00,22380.00,469980.00
2B_0603,INV/23-24/16603,2024-01-05,07AAACH2233P1ZC,Havells India Limited,117000.00,5.0,0.00,0.00,5850.00,5850.00,122850.00
2B_0471,INV/23-24/16471,2023-05-06,27AAACG9876E1Z9,Godrej Consumer Products Ltd,14800.00,18.0,1332.00,1332.00,0.00,2664.00,17464.00
2B_0328,INV/23-24/16328,2024-03-06,19AAACB6655F1ZQ,Britannia Industries Ltd,373900.00,18.0,0.00,0.00,67302.00,67302.00,441202.00
2B_0832,INV/23-24/16832,2024-02-27,07AAACH2233P1ZC,Havells India Limited,377200.00,5.0,0.00,0.00,18860.00,18860.00,396060.00
2B_0262,INV/23-24/16262,2023-12-30,06AAACM9900N1ZG,Maruti Suzuki India Ltd,419000.00,28.0,0.00,0.00,117320.00,117320.00,536320.00
2B_0224,INV/23-24/16224,2023-06-10,27AAACC5544E1ZO,Cipla Limited,396300.00,28.0,55482.00,55482.00,0.00,110964.00,507264.00
2B_0080,INV/23-24/16080,2023-08-15,27AAACT2727Q1ZW,Tata Consultancy Services Ltd,241900.00,18.0,21771.00,21771.00,0.00,43542.00,285442.00
2B_0323,INV/23-24/16323,2024-03-19,29AAACT6677K1Z8,Titan Company Ltd,182700.00,5.0,0.00,0.00,9135.00,9135.00,191835.00
2B_0272,INV/23-24/16272,2023-05-15,27AAACH1111B1Z2,Hindustan Unilever Ltd,411700.00,28.0,57638.00,57638.00,0.00,115276.00,526976.00
2B_0192,INV/23-24/16192,2023-08-28,24AAACA3322C1ZK,Adani Enterprises Ltd,316900.00,5.0,0.00,0.00,15845.00,15845.00,332745.00
2B_0995,INV/23-24/16995,2023-08-20,27AAACA0001F1Z4,Asian Paints Limited,447000.00,5.0,11175.00,11175.00,0.00,22350.00,469350.00
2B_0813,INV/23-24/16813,2023-09-21,27AAACT2727Q1ZW,Tata Consultancy Services Ltd,492900.00,5.0,12322.50,12322.50,0.00,24645.00,517545.00
2B_0067,INV/23-24/16067,2023-05-22,29AAACT6677K1Z8,Titan Company Ltd,157600.00,5.0,0.00,0.00,7880.00,7880.00,165480.00
2B_0608,INV/23-24/16608,2024-02-22,27AAACH1111B1Z2,Hindustan Unilever Ltd,313300.00,12.0,18798.00,18798.00,0.00,37596.00,350896.00
2B_0469,INV/23-24/16469,2023-09-16,27AAACC5544E1ZO,Cipla Limited,216700.00,18.0,19503.00,19503.00,0.00,39006.00,255706.00
2B_0560,INV/23-24/16560,2023-11-11,27AAACL0123M1Z8,Larsen & Toubro Ltd,173700.00,5.0,4342.50,4342.50,0.00,8685.00,182385.00
2B_0371,INV/23-24/16371,2023-04-21,27AAACU3344R1Z0,UltraTech Cement Ltd,140400.00,18.0,12636.00,12636.00,0.00,25272.00,165672.00
2B_0059,INV/23-24/16059,2023-07-26,27AAACB0002G1Z6,BPCL LIMITED,448600.00,18.0,40374.00,40374.00,0.00,80748.00,529348.00
2B_0643,INV/23-24/16643,2023-11-17,08AAACV7766G1ZS,Vedanta Resources Ltd,342000.00,18.0,0.00,0.00,61560.00,61560.00,403560.00
2B_0337,INV/23-24/16337,2023-08-30,27AAACT2727Q1ZW,Tata Consultancy Services Ltd,209200.00,18.0,18828.00,18828.00,0.00,37656.00,246856.00
2B_0102,INV/23-24/16102,2023-05-07,27AAACM8890K1Z1,Mahindra & Mahindra Logistics Pvt Ltd,100800.00,18.0,9072.00,9072.00,0.00,18144.00,118944.00
2B_0527,INV/23-24/16527,2024-01-06,07AAACZ9988J1ZW,Zomato Private Limited,314900.00,28.0,0.00,0.00,88172.00,88172.00,403072.00
2B_0700,INV/23-24/16700,2023-05-05,27AAACB2345H1Z5,Bajaj Electricals Ltd,297800.00,12.0,17868.00,17868.00,0.00,35736.00,333536.00
2B_0711,INV/23-24/16711,2023-06-22,27AAACH1111B1Z2,Hindustan Unilever Ltd,79100.00,18.0,7119.00,7119.00,0.00,14238.00,93338.00
2B_0246,INV/23-24/16246,2023-11-16,32AAACA7788L1ZA,Apollo Tyres Ltd,73800.00,18.0,0.00,0.00,13284.00,13284.00,87084.00
2B_0470,INV/23-24/16470,2023-04-10,29AAGCB1234K1ZY,Swiggy Bundl Technologies Pvt Ltd,127900.00,18.0,0.00,0.00,23022.00,23022.00,150922.00
2B_0073,16073,2023-06-17,29AAACI4567A1Z3,Infosys Limited,495000.00,12.0,0.00,0.00,59400.00,59400.00,554400.00
2B_0006,INV/23-24/16006,2023-09-02,29AAACW1122J1Z7,Wipro Technologies Pvt Ltd,40100.00,5.0,0.00,0.00,2005.00,2005.00,42105.00
2B_0212,INV/23-24/16212,2023-11-16,29AAACT6677K1Z8,Titan Company Ltd,358800.00,28.0,0.00,0.00,100464.00,100464.00,459264.00
2B_0399,INV/23-24/16399,2023-04-16,29AAACT6677K1Z8,Titan Company Ltd,261400.00,28.0,0.00,0.00,73192.00,73192.00,334592.00
2B_0076,INV/23-24/16076,2023-12-09,27AAACC5544E1ZO,Cipla Limited,94600.00,18.0,8514.00,8514.00,0.00,17028.00,111628.00
2B_0030,INV/23-24/16030,2023-08-13,27AAACA0001F1Z4,Asian Paints Limited,386500.00,5.0,9662.50,9662.50,0.00,19325.00,405825.00
2B_0764,INV/23-24/16764,2023-06-27,27AAACT2727Q1ZW,Tata Consultancy Services Ltd,328100.00,28.0,45934.00,45934.00,0.00,91868.00,419968.00
2B_0535,INV/23-24/16535,2023-06-15,24AAACA3322C1ZK,Adani Enterprises Ltd,440100.00,5.0,0.00,0.00,22005.00,22005.00,462105.00
2B_0390,INV/23-24/16390,2024-03-18,27AAACB0002G1Z6,Bharat Petroleum Corp Ltd,86200.00,28.0,12068.00,12068.00,0.00,24136.00,110336.00
2B_0068,INV/23-24/16068,2023-04-25,27AAACM8890K1Z1,Mahindra & Mahindra Logistics Pvt Ltd,75400.00,5.0,1885.00,1885.00,0.00,3770.00,79170.00
2B_0377,INV/23-24/16377,2023-07-20,27AAACH1111B1Z2,Hindustan Unilever Ltd,467800.00,5.0,11695.00,11695.00,0.00,23390.00,491190.00
2B_0856,INV/23-24/16856,2024-02-10,24AAACS4433D1ZM,Sun Pharmaceutical Industries Ltd,421900.00,12.0,0.00,0.00,50628.00,50628.00,472528.00
2B_0141,INV/23-24/16141,2023-04-03,07AAACH8877H1ZU,Hero MotoCorp Ltd,56100.00,5.0,0.00,0.00,2805.00,2805.00,58905.00
2B_0708,INV/23-24/16708,2023-04-04,24AAACS4433D1ZM,Sun Pharmaceutical Industries Ltd,113300.00,28.0,0.00,0.00,31724.00,31724.00,145024.00
2B_0691,INV/23-24/16691,2023-10-29,07AAACZ9988J1ZW,Zomato Private Limited,302600.00,28.0,0.00,0.00,84728.00,84728.00,387328.00
2B_0840,INV/23-24/16840,2023-11-02,27AAACM8890K1Z1,Mahindra & Mahindra Logistics Pvt Ltd,155200.00,12.0,9312.00,9312.00,0.00,18624.00,173824.00
2B_0165,INV/23-24/16165,2024-01-23,29AAACI4567A1Z3,Infosys Limited,308200.00,28.0,0.00,0.00,86296.00,86296.00,394496.00
2B_0951,INV/23-24/16951,2023-04-06,07AAACH8877H1ZU,Hero MotoCorp Ltd,248100.00,12.0,0.00,0.00,29772.00,29772.00,277872.00
2B_0868,INV/23-24/16868,2023-04-02,07AAACH2233P1ZC,Havells India Limited,160500.00,12.0,0.00,0.00,19260.00,19260.00,179760.00
2B_0012,INV/23-24/16012,2023-09-17,27AAACU3344R1Z0,UltraTech Cement Ltd,160900.00,28.0,22526.00,22526.00,0.00,45052.00,205952.00
2B_0477,INV/23-24/16477,2023-05-19,29AAACT6677K1Z8,Titan Company Ltd,48900.00,12.0,0.00,0.00,5868.00,5868.00,54768.00
2B_0034,INV/23-24/16034,2023-10-18,27AAACB2345H1Z5,Bajaj Electricals Ltd,350800.00,18.0,31572.00,31572.00,0.00,63144.00,413944.00
2B_0452,INV/23-24/16452,2023-12-22,27AAACT2727Q1ZW,Tata Consultancy Services Ltd,454300.00,5.0,11357.50,11357.50,0.00,22715.00,477015.00
2B_0577,INV/23-24/16577,2023-06-02,27AAACB0002G1Z6,Bharat Petroleum Corp Ltd,137900.00,12.0,8274.00,8274.00,0.00,16548.00,154448.00
2B_0331,INV/23-24/16331,2023-09-25,24AAACS4433D1ZM,Sun Pharmaceutical Industries Ltd,297250.00,12.0,0.00,0.00,35670.00,35670.00,332920.00
2B_0150,INV/23-24/16150,2023-11-21,27AAACB0002G1Z6,Bharat Petroleum Corp Ltd,139300.00,28.0,19502.00,19502.00,0.00,39004.00,178304.00
2B_0449,INV/23-24/16449,2023-04-08,07AAACZ9988J1ZW,Zomato Private Limited,126500.00,28.0,0.00,0.00,35420.00,35420.00,161920.00
2B_0111,INV/23-24/16111,2023-08-18,29AAACW1122J1Z7,Wipro Technologies Pvt Ltd,40700.00,5.0,0.00,0.00,2035.00,2035.00,42735.00
2B_0436,INV/23-24/16436,2023-07-28,27AAACH1111B1Z2,HINDUSTAN UNILEVER PRIVATE LIMITED,423700.00,5.0,10592.50,10592.50,0.00,21185.00,444885.00
2B_0251,INV/23-24/16251,2023-11-29,29AAACW1122J1Z7,Wipro Technologies Pvt Ltd,180900.00,18.0,0.00,0.00,32562.00,32562.00,213462.00
2B_0989,INV/23-24/16989,2024-02-12,29AAACT6677K1Z8,Titan Company Ltd,227200.00,18.0,0.00,0.00,40896.00,40896.00,268096.00
2B_0406,INV/23-24/16406,2023-11-28,27AAACB0002G1Z6,Bharat Petroleum Corp Ltd,421950.00,5.0,10548.75,10548.75,0.00,21097.50,443047.50
2B_0835,INV/23-24/16835,2024-03-27,07AAACH2233P1ZC,Havells India Limited,191600.00,5.0,0.00,0.00,9580.00,9580.00,201180.00
2B_0336,INV/23-24/16336,2023-10-27,27AAACC5544E1ZO,CIPLA PVT LTD,314800.00,28.0,44072.00,44072.00,0.00,88144.00,402944.00
2B_0802,INV/23-24/16802,2023-09-05,27AAACA0001F1Z4,Asian Paints Limited,369700.00,12.0,22182.00,22182.00,0.00,44364.00,414064.00
2B_0525,INV/23-24/16525,2023-08-18,27AAACM8890K1Z1,Mahindra & Mahindra Logistics Pvt Ltd,261500.00,12.0,15690.00,15690.00,0.00,31380.00,292880.00
2B_0656,INV/23-24/16656,2023-06-20,27AAACB2345H1Z5,Bajaj Electricals Ltd,246200.00,5.0,6155.00,6155.00,0.00,12310.00,258510.00
2B_0524,INV/23-24/16524,2023-06-14,27AAACA0001F1Z4,ASIAN PAINTS PVT LTD,251800.00,28.0,35252.00,35252.00,0.00,70504.00,322304.00
2B_0133,INV/23-24/16133,2023-12-18,27AAACL0123M1Z8,Larsen & Toubro Ltd,402800.00,18.0,36252.00,36252.00,0.00,72504.00,475304.00
2B_0160,INV/23-24/16160,2023-05-21,27AAACG9876E1Z9,Godrej Consumer Products Ltd,129800.00,12.0,7788.00,7788.00,0.00,15576.00,145376.00
2B_0753,INV/23-24/16753,2023-09-04,27AAACM8890K1Z1,Mahindra & Mahindra Logistics Pvt Ltd,301800.00,12.0,18108.00,18108.00,0.00,36216.00,338016.00
2B_0749,INV/23-24/16749,2023-06-27,07AAACZ9988J1ZW,Zomato Private Limited,448500.00,12.0,0.00,0.00,53820.00,53820.00,502320.00
2B_0180,INV/23-24/16180,2023-08-31,19AAACB6655F1ZQ,BRITANNIA INDUSTRIES PRIVATE LIMITED,369000.00,5.0,0.00,0.00,18450.00,18450.00,387450.00
2B_0168,INV/23-24/16168,2024-02-05,27AAACC5544E1ZO,Cipla Limited,387600.00,12.0,23256.00,23256.00,0.00,46512.00,434112.00
2B_0433,INV/23-24/16433,2023-07-19,06AAACM9900N1ZG,Maruti Suzuki India Ltd,108900.00,28.0,0.00,0.00,30492.00,30492.00,139392.00
2B_0425,INV/23-24/16425,2023-08-17,24AAACA3322C1ZK,Adani Enterprises Ltd,114700.00,5.0,0.00,0.00,5735.00,5735.00,120435.00
2B_0803,INV/23-24/16803,2023-12-11,27AAACH1111B1Z2,Hindustan Unilever Ltd,68700.00,5.0,1717.50,1717.50,0.00,3435.00,72135.00
2B_0978,INV/23-24/16978,2023-12-30,07AAACD5566T1ZE,Dabur India Limited,368600.00,5.0,0.00,0.00,18430.00,18430.00,387030.00
2B_0302,INV/23-24/16302,2023-05-11,27AAACC5544E1ZO,Cipla Limited,446300.00,28.0,62482.00,62482.00,0.00,124964.00,571264.00
2B_0226,INV/23-24/16226,2023-09-17,27AAACB2345H1Z5,BAJAJ ELECTRICALS PVT LTD,11400.00,5.0,285.00,285.00,0.00,570.00,11970.00
2B_0563,INV/23-24/16563,2023-04-02,27AAACB2345H1Z5,Bajaj Electricals Ltd,433100.00,28.0,60634.00,60634.00,0.00,121268.00,554368.00
2B_0374,INV/23-24/16374,2023-10-15,29AAACT6677K1Z8,Titan Company Ltd,10900.00,12.0,0.00,0.00,1308.00,1308.00,12208.00
2B_0923,INV/23-24/16923,2024-01-23,27AABCR1234D1ZA,Reliance Retail Private Limited,310400.00,12.0,18624.00,18624.00,0.00,37248.00,347648.00
2B_0372,INV/23-24/16372,2023-05-14,27AABCR1234D1ZA,Reliance Retail Private Limited,195500.00,12.0,11730.00,11730.00,0.00,23460.00,218960.00
2B_0415,INV/23-24/16415,2023-05-18,27AAACB2345H1Z5,Bajaj Electricals Ltd,123100.00,18.0,11079.00,11079.00,0.00,22158.00,145258.00
2B_0634,INV/23-24/16634,2023-12-21,08AAACV7766G1ZS,Vedanta Resources Ltd,220600.00,5.0,0.00,0.00,11030.00,11030.00,231630.00
2B_0584,INV/23-24/16584,2023-09-12,27AAACU3344R1Z0,UltraTech Cement Ltd,78200.00,12.0,4692.00,4692.00,0.00,9384.00,87584.00
2B_0789,INV/23-24/16789,2023-08-09,27AABCR1234D1ZA,Reliance Retail Private Limited,250400.00,28.0,35056.00,35056.00,0.00,70112.00,320512.00
2B_0903,INV/23-24/16903,2023-10-26,27AAACB2345H1Z5,Bajaj Electricals Ltd,181000.00,18.0,16290.00,16290.00,0.00,32580.00,213580.00
2B_0725,INV/23-24/16725,2024-02-17,07AAACH2233P1ZC,Havells India Limited,421700.00,12.0,0.00,0.00,50604.00,50604.00,472304.00
2B_0815,INV/23-24/16815,2023-05-17,07AAACZ9988J1ZW,Zomato Private Limited,147800.00,18.0,0.00,0.00,26604.00,26604.00,174404.00
2B_0718,INV/23-24/16718,2023-07-03,27AABCR1234D1ZA,Reliance Retail Private Limited,319500.00,5.0,7987.50,7987.50,0.00,15975.00,335475.00
2B_0134,INV/23-24/16134,2023-11-28,24AAACS4433D1ZM,SUN PHARMA LTD,78700.00,5.0,0.00,0.00,3935.00,3935.00,82635.00
2B_0981,INV/23-24/16981,2023-11-28,07AAACH2233P1ZC,Havells India Limited,63400.00,5.0,0.00,0.00,3170.00,3170.00,66570.00
2B_0547,INV/23-24/16547,2023-08-01,07AAACZ9988J1ZW,Zomato Private Limited,8400.00,28.0,0.00,0.00,2352.00,2352.00,10752.00
2B_0241,INV/23-24/16241,2024-01-10,24AAACA3322C1ZK,Adani Enterprises Ltd,288800.00,12.0,0.00,0.00,34656.00,34656.00,323456.00
2B_0353,INV/23-24/16353,2023-12-31,27AAACB2345H1Z5,Bajaj Electricals Ltd,419200.00,12.0,25152.00,25152.00,0.00,50304.00,469504.00
2B_0719,INV/23-24/16719,2024-01-15,27AAACC5544E1ZO,Cipla Limited,81100.00,18.0,7299.00,7299.00,0.00,14598.00,95698.00
2B_0922,INV/23-24/16922,2024-01-25,29AAACT6677K1Z8,Titan Company Ltd,237400.00,28.0,0.00,0.00,66472.00,66472.00,303872.00
2B_0943,INV/23-24/16943,2024-02-28,27AAACM8890K1Z1,Mahindra & Mahindra Logistics Pvt Ltd,254800.00,5.0,6370.00,6370.00,0.00,12740.00,267540.00
2B_0593,INV/23-24/16593,2023-09-09,27AAACC5544E1ZO,Cipla Limited,17600.00,5.0,440.00,440.00,0.00,880.00,18480.00
2B_0304,INV/23-24/16304,2024-01-13,27AAACT2727Q1ZW,Tata Consultancy Services Ltd,91300.00,12.0,5478.00,5478.00,0.00,10956.00,102256.00
2B_0340,INV/23-24/16340,2023-09-13,29AAACI4567A1Z3,Infosys Limited,383300.00,5.0,0.00,0.00,19165.00,19165.00,402465.00
2B_0977,INV/23-24/16977,2024-02-07,27AAACC5544E1ZO,Cipla Limited,226900.00,5.0,5672.50,5672.50,0.00,11345.00,238245.00
2B_0858,INV/23-24/16858,2023-07-29,07AAACD5566T1ZE,Dabur India Limited,172100.00,18.0,0.00,0.00,30978.00,30978.00,203078.00
2B_0628,INV/23-24/16628,2023-07-04,27AAACG9876E1Z9,Godrej Consumer Products Ltd,396700.00,12.0,23802.00,23802.00,0.00,47604.00,444304.00
2B_0670,INV/23-24/16670,2023-07-04,24AAACS4433D1ZM,Sun Pharmaceutical Industries Ltd,175900.00,12.0,0.00,0.00,21108.00,21108.00,197008.00
2B_0872,INV/23-24/16872,2023-11-28,07AAACZ9988J1ZW,Zomato Private Limited,344300.00,5.0,0.00,0.00,17215.00,17215.00,361515.00
2B_0274,INV/23-24/16274,2023-05-04,27AAACB2345H1Z5,Bajaj Electricals Ltd,487300.00,28.0,68222.00,68222.00,0.00,136444.00,623744.00
2B_0986,INV/23-24/16986,2023-09-29,29AAACI4567A1Z3,Infosys Limited,462300.00,5.0,0.00,0.00,23115.00,23115.00,485415.00
2B_0703,INV/23-24/16703,2023-08-24,27AAACC5544E1ZO,CIPLA PVT LTD,281500.00,12.0,16890.00,16890.00,0.00,33780.00,315280.00
2B_0888,INV/23-24/16888,2023-12-21,27AAACT2727Q1ZW,Tata Consultancy Services Ltd,125600.00,28.0,17584.00,17584.00,0.00,35168.00,160768.00
2B_0523,INV/23-24/16523,2023-12-18,29AAACI4567A1Z3,Infosys Limited,94100.00,28.0,0.00,0.00,26348.00,26348.00,120448.00
2B_0373,INV/23-24/16373,2023-11-17,27AAACC5544E1ZO,Cipla Limited,296700.00,5.0,7417.50,7417.50,0.00,14835.00,311535.00
2B_0493,INV/23-24/16493,2023-05-29,27AAACT2727Q1ZW,Tata Consultancy Services Ltd,330600.00,18.0,29754.00,29754.00,0.00,59508.00,390108.00
2B_0143,INV/23-24/16143,2023-10-20,07AAACH2233P1ZC,Havells India Limited,450600.00,12.0,0.00,0.00,54072.00,54072.00,504672.00
2B_0773,INV/23-24/16773,2023-06-22,27AAACC5544E1ZO,Cipla Limited,115100.00,12.0,6906.00,6906.00,0.00,13812.00,128912.00
2B_0459,INV/23-24/16459,2023-06-11,29AAGCB1234K1ZY,Swiggy Bundl Technologies Pvt Ltd,197500.00,12.0,0.00,0.00,23700.00,23700.00,221200.00
2B_0991,INV/23-24/16991,2023-04-25,08AAACV7766G1ZS,Vedanta Resources Ltd,331300.00,5.0,0.00,0.00,16565.00,16565.00,347865.00
2B_0780,INV/23-24/16780,2023-11-29,07AAACZ9988J1ZW,Zomato Private Limited,49900.00,28.0,0.00,0.00,13972.00,13972.00,63872.00
2B_0054,INV/23-24/16054,2023-11-11,29AAACI4567A1Z3,Infosys Limited,52900.00,18.0,0.00,0.00,9522.00,9522.00,62422.00
2B_0799,INV/23-24/16799,2023-12-10,29AAACT6677K1Z8,Titan Company Ltd,75800.00,5.0,0.00,0.00,3790.00,3790.00,79590.00
2B_0987,INV/23-24/16987,2023-09-25,06AAACM9900N1ZG,Maruti Suzuki India Ltd,287000.00,5.0,0.00,0.00,14350.00,14350.00,301350.00
2B_0200,INV/23-24/16200,2023-12-23,27AAACH1111B1Z2,Hindustan Unilever Ltd,298450.00,18.0,26860.50,26860.50,0.00,53721.00,352171.00
2B_0689,INV/23-24/16689,2024-01-05,29AAACT6677K1Z8,Titan Company Ltd,419200.00,5.0,0.00,0.00,20960.00,20960.00,440160.00
2B_0611,INV/23-24/16611,2023-08-22,27AAACA0001F1Z4,Asian Paints Limited,307900.00,28.0,43106.00,43106.00,0.00,86212.00,394112.00
2B_0893,16893,2023-10-25,27AAACL0123M1Z8,Larsen & Toubro Ltd,391800.00,12.0,23508.00,23508.00,0.00,47016.00,438816.00
2B_0247,INV/23-24/16247,2023-04-27,27AABCR1234D1ZA,Reliance Retail Private Limited,280200.00,5.0,7005.00,7005.00,0.00,14010.00,294210.00
2B_0391,INV/23-24/16391,2023-11-30,27AAACB0002G1Z6,Bharat Petroleum Corp Ltd,46100.00,12.0,2766.00,2766.00,0.00,5532.00,51632.00
2B_0636,INV/23-24/16636,2024-03-21,29AAACW1122J1Z7,Wipro Technologies Pvt Ltd,52100.00,12.0,0.00,0.00,6252.00,6252.00,58352.00
2B_0740,INV/23-24/16740,2023-05-27,08AAACV7766G1ZS,Vedanta Resources Ltd,447100.00,18.0,0.00,0.00,80478.00,80478.00,527578.00
2B_0497,INV/23-24/16497,2023-08-03,27AABCR1234D1ZA,Reliance Retail Private Limited,464500.00,12.0,27870.00,27870.00,0.00,55740.00,520240.00
2B_0605,INV/23-24/16605,2023-07-29,07AAACH2233P1ZC,Havells India Limited,114700.00,5.0,0.00,0.00,5735.00,5735.00,120435.00
2B_0849,INV/23-24/16849,2023-06-10,08AAACV7766G1ZS,Vedanta Resources Ltd,472700.00,18.0,0.00,0.00,85086.00,85086.00,557786.00
2B_0490,INV/23-24/16490,2024-01-07,27AAACM8890K1Z1,Mahindra & Mahindra Logistics Pvt Ltd,92800.00,18.0,8352.00,8352.00,0.00,16704.00,109504.00
2B_0921,INV/23-24/16921,2023-12-23,07AAACD5566T1ZE,Dabur India Limited,317200.00,5.0,0.00,0.00,15860.00,15860.00,333060.00
2B_0732,INV/23-24/16732,2023-09-10,07AAACH2233P1ZC,Havells India Limited,13100.00,18.0,0.00,0.00,2358.00,2358.00,15458.00
2B_0985,INV/23-24/16985,2023-08-09,27AAACU3344R1Z0,UltraTech Cement Ltd,162700.00,28.0,22778.00,22778.00,0.00,45556.00,208256.00
2B_0845,INV/23-24/16845,2024-01-19,27AAACB0002G1Z6,Bharat Petroleum Corp Ltd,173100.00,28.0,24234.00,24234.00,0.00,48468.00,221568.00
2B_0279,INV/23-24/16279,2023-07-26,29AAACI4567A1Z3,Infosys Limited,397900.00,18.0,0.00,0.00,71622.00,71622.00,469522.00
2B_0984,INV/23-24/16984,2023-08-16,27AAACB2345H1Z5,Bajaj Electricals Ltd,69200.00,18.0,6228.00,6228.00,0.00,12456.00,81656.00
2B_0026,INV/23-24/16026,2023-04-15,06AAACM9900N1ZG,Maruti Suzuki India Ltd,447500.00,28.0,0.00,0.00,125300.00,125300.00,572800.00
2B_0145,INV/23-24/16145,2023-07-01,19AAACB6655F1ZQ,Britannia Industries Ltd,272500.00,5.0,0.00,0.00,13625.00,13625.00,286125.00
2B_0389,16389,2023-09-04,29AAACI4567A1Z3,Infosys Limited,162600.00,5.0,0.00,0.00,8130.00,8130.00,170730.00
2B_0154,INV/23-24/16154,2023-09-20,07AAACD5566T1ZE,Dabur India Limited,419200.00,5.0,0.00,0.00,20960.00,20960.00,440160.00
2B_0032,INV/23-24/16032,2023-07-26,07AAACH2233P1ZC,Havells India Limited,132100.00,5.0,0.00,0.00,6605.00,6605.00,138705.00
2B_0679,INV/23-24/16679,2023-06-05,27AAACC5544E1ZO,Cipla Limited,189200.00,12.0,11352.00,11352.00,0.00,22704.00,211904.00
2B_0800,INV/23-24/16800,2023-09-01,27AAACC5544E1ZO,Cipla Limited,146200.00,12.0,8772.00,8772.00,0.00,17544.00,163744.00
2B_0064,INV/23-24/16064,2023-12-30,07AAACH2233P1ZC,Havells India Limited,327900.00,28.0,0.00,0.00,91812.00,91812.00,419712.00
2B_0177,INV/23-24/16177,2024-02-10,29AAACT6677K1Z8,Titan Company Ltd,257300.00,12.0,0.00,0.00,30876.00,30876.00,288176.00
2B_0127,INV/23-24/16127,2023-08-30,07AAACZ9988J1ZW,Zomato Private Limited,183300.00,12.0,0.00,0.00,21996.00,21996.00,205296.00
2B_0630,INV/23-24/16630,2023-10-31,07AAACZ9988J1ZW,Zomato Private Limited,394800.00,28.0,0.00,0.00,110544.00,110544.00,505344.00
2B_0047,INV/23-24/16047,2024-01-23,27AABCR1234D1ZA,Reliance Retail Private Limited,194000.00,12.0,11640.00,11640.00,0.00,23280.00,217280.00
2B_0624,INV/23-24/16624,2023-11-17,06AAACM9900N1ZG,Maruti Suzuki India Ltd,125800.00,28.0,0.00,0.00,35224.00,35224.00,161024.00
2B_0808,INV/23-24/16808,2023-10-11,27AAACA0001F1Z4,Asian Paints Limited,189600.00,18.0,17064.00,17064.00,0.00,34128.00,223728.00
2B_0013,INV/23-24/16013,2023-04-02,24AAACS4433D1ZM,Sun Pharmaceutical Industries Ltd,391100.00,18.0,0.00,0.00,70398.00,70398.00,461498.00
2B_0130,INV/23-24/16130,2023-04-09,27AABCR1234D1ZA,Reliance Retail Private Limited,154900.00,12.0,9294.00,9294.00,0.00,18588.00,173488.00
2B_0625,INV/23-24/16625,2023-11-16,27AAACB2345H1Z5,Bajaj Electricals Ltd,42400.00,18.0,3816.00,3816.00,0.00,7632.00,50032.00
2B_0581,INV/23-24/16581,2023-11-13,32AAACA7788L1ZA,Apollo Tyres Ltd,323600.00,5.0,0.00,0.00,16180.00,16180.00,339780.00
2B_0663,INV/23-24/16663,2023-09-02,27AAACT2727Q1ZW,Tata Consultancy Services Ltd,223000.00,5.0,5575.00,5575.00,0.00,11150.00,234150.00
2B_0793,INV/23-24/16793,2023-10-03,08AAACV7766G1ZS,Vedanta Resources Ltd,433700.00,28.0,0.00,0.00,121436.00,121436.00,555136.00
2B_0283,INV/23-24/16283,2023-06-27,07AAACD5566T1ZE,Dabur India Limited,240500.00,18.0,0.00,0.00,43290.00,43290.00,283790.00
2B_0458,INV/23-24/16458,2024-03-16,24AAACS4433D1ZM,Sun Pharmaceutical Industries Ltd,319900.00,5.0,0.00,0.00,15995.00,15995.00,335895.00
2B_0673,INV/23-24/16673,2024-01-14,27AAACL0123M1Z8,Larsen & Toubro Ltd,135900.00,28.0,19026.00,19026.00,0.00,38052.00,173952.00
2B_0687,INV/23-24/16687,2024-01-27,27AAACA0001F1Z4,Asian Paints Limited,173200.00,18.0,15588.00,15588.00,0.00,31176.00,204376.00
2B_0095,INV/23-24/16095,2023-07-29,07AAACZ9988J1ZW,Zomato Private Limited,344200.00,18.0,0.00,0.00,61956.00,61956.00,406156.00
2B_0681,INV/23-24/16681,2024-01-19,24AAACA3322C1ZK,Adani Enterprises Ltd,136100.00,5.0,0.00,0.00,6805.00,6805.00,142905.00
2B_0565,INV/23-24/16565,2023-11-26,29AAGCB1234K1ZY,Swiggy Bundl Technologies Pvt Ltd,190700.00,5.0,0.00,0.00,9535.00,9535.00,200235.00
2B_0777,INV/23-24/16777,2023-12-05,06AAACM9900N1ZG,Maruti Suzuki India Ltd,382900.00,12.0,0.00,0.00,45948.00,45948.00,428848.00
2B_0814,INV/23-24/16814,2023-12-03,29AAACW1122J1Z7,Wipro Technologies Pvt Ltd,261300.00,18.0,0.00,0.00,47034.00,47034.00,308334.00
2B_0049,INV/23-24/16049,2023-08-17,29AAACW1122J1Z7,Wipro Technologies Pvt Ltd,182500.00,5.0,0.00,0.00,9125.00,9125.00,191625.00
2B_0395,INV/23-24/16395,2023-10-30,07AAACH2233P1ZC,Havells India Limited,325200.00,12.0,0.00,0.00,39024.00,39024.00,364224.00
2B_0010,INV/23-24/16010,2023-07-14,27AAACL0123M1Z8,Larsen & Toubro Ltd,99000.00,12.0,5940.00,5940.00,0.00,11880.00,110880.00
2B_0463,INV/23-24/16463,2023-08-11,27AABCR1234D1ZA,Reliance Retail Private Limited,398200.00,28.0,55748.00,55748.00,0.00,111496.00,509696.00
2B_0255,INV/23-24/16255,2023-08-12,07AAACH8877H1ZU,Hero MotoCorp Ltd,168300.00,28.0,0.00,0.00,47124.00,47124.00,215424.00
2B_0853,INV/23-24/16853,2023-07-01,27AAACB0002G1Z6,Bharat Petroleum Corp Ltd,158000.00,12.0,9480.00,9480.00,0.00,18960.00,176960.00
2B_0423,INV/23-24/16423,2023-11-27,27AAACL0123M1Z8,Larsen & Toubro Ltd,111550.00,12.0,6693.00,6693.00,0.00,13386.00,124936.00
2B_0937,INV/23-24/16937,2023-12-24,27AAACH1111B1Z2,Hindustan Unilever Ltd,45000.00,12.0,2700.00,2700.00,0.00,5400.00,50400.00
2B_0969,INV/23-24/16969,2023-07-25,32AAACA7788L1ZA,Apollo Tyres Ltd,55800.00,18.0,0.00,0.00,10044.00,10044.00,65844.00
2B_0420,INV/23-24/16420,2023-07-02,27AAACA0001F1Z4,Asian Paints Limited,393600.00,12.0,23616.00,23616.00,0.00,47232.00,440832.00
2B_0057,INV/23-24/16057,2023-08-12,19AAACB6655F1ZQ,Britannia Industries Ltd,267650.00,28.0,0.00,0.00,74942.00,74942.00,342592.00
2B_0354,16354,2023-11-19,29AAGCB1234K1ZY,Swiggy Bundl Technologies Pvt Ltd,422000.00,18.0,0.00,0.00,75960.00,75960.00,497960.00
2B_0053,INV/23-24/16053,2023-08-28,27AAACB2345H1Z5,Bajaj Electricals Ltd,113400.00,12.0,6804.00,6804.00,0.00,13608.00,127008.00
2B_0428,INV/23-24/16428,2024-03-07,27AAACL0123M1Z8,Larsen & Toubro Ltd,476000.00,5.0,11900.00,11900.00,0.00,23800.00,499800.00
2B_0550,INV/23-24/16550,2024-01-30,29AAACI4567A1Z3,Infosys Limited,91000.00,12.0,0.00,0.00,10920.00,10920.00,101920.00
2B_0414,INV/23-24/16414,2023-06-07,29AAGCB1234K1ZY,Swiggy Bundl Technologies Pvt Ltd,245100.00,18.0,0.00,0.00,44118.00,44118.00,289218.00
2B_0232,INV/23-24/16232,2023-07-25,27AAACL0123M1Z8,Larsen & Toubro Ltd,442700.00,12.0,26562.00,26562.00,0.00,53124.00,495824.00
2B_0008,INV/23-24/16008,2024-01-16,27AABCR1234D1ZA,Reliance Retail Private Limited,188000.00,12.0,11280.00,11280.00,0.00,22560.00,210560.00
2B_0478,INV/23-24/16478,2024-02-24,29AAACI4567A1Z3,Infosys Limited,223700.00,12.0,0.00,0.00,26844.00,26844.00,250544.00
2B_0591,INV/23-24/16591,2023-04-13,06AAACM9900N1ZG,Maruti Suzuki India Ltd,185500.00,5.0,0.00,0.00,9275.00,9275.00,194775.00
2B_0864,INV/23-24/16864,2023-09-02,29AAGCB1234K1ZY,Swiggy Bundl Technologies Pvt Ltd,272700.00,12.0,0.00,0.00,32724.00,32724.00,305424.00
2B_0398,INV/23-24/16398,2023-09-21,24AAACS4433D1ZM,Sun Pharmaceutical Industries Ltd,13100.00,5.0,0.00,0.00,655.00,655.00,13755.00
2B_0139,INV/23-24/16139,2023-11-08,27AAACT2727Q1ZW,Tata Consultancy Services Ltd,184600.00,5.0,4615.00,4615.00,0.00,9230.00,193830.00
2B_0018,INV/23-24/16018,2023-09-22,29AAACW1122J1Z7,Wipro Technologies Pvt Ltd,64300.00,5.0,0.00,0.00,3215.00,3215.00,67515.00
2B_0322,INV/23-24/16322,2023-06-11,27AAACG9876E1Z9,Godrej Consumer Products Ltd,334300.00,28.0,46802.00,46802.00,0.00,93604.00,427904.00
2B_0570,INV/23-24/16570,2023-07-11,32AAACA7788L1ZA,Apollo Tyres Ltd,443600.00,18.0,0.00,0.00,79848.00,79848.00,523448.00
2B_0786,INV/23-24/16786,2023-07-15,27AAACM8890K1Z1,Mahindra & Mahindra Logistics Pvt Ltd,96100.00,12.0,5766.00,5766.00,0.00,11532.00,107632.00
2B_0886,INV/23-24/16886,2023-09-01,24AAACA3322C1ZK,Adani Enterprises Ltd,247400.00,12.0,0.00,0.00,29688.00,29688.00,277088.00
2B_0410,INV/23-24/16410,2023-06-25,32AAACA7788L1ZA,Apollo Tyres Ltd,471500.00,5.0,0.00,0.00,23575.00,23575.00,495075.00
2B_0797,INV/23-24/16797,2023-09-15,07AAACD5566T1ZE,Dabur India Limited,392700.00,5.0,0.00,0.00,19635.00,19635.00,412335.00
2B_0149,INV/23-24/16149,2023-11-17,08AAACV7766G1ZS,Vedanta Resources Ltd,53800.00,5.0,0.00,0.00,2690.00,2690.00,56490.00
2B_0015,INV/23-24/16015,2023-08-12,27AAACC5544E1ZO,Cipla Limited,61300.00,28.0,8582.00,8582.00,0.00,17164.00,78464.00
2B_0248,INV/23-24/16248,2023-09-05,06AAACM9900N1ZG,Maruti Suzuki India Ltd,302500.00,5.0,0.00,0.00,15125.00,15125.00,317625.00
2B_0871,INV/23-24/16871,2023-11-25,07AAACH8877H1ZU,Hero MotoCorp Ltd,66700.00,12.0,0.00,0.00,8004.00,8004.00,74704.00
2B_0003,INV/23-24/16003,2023-08-25,27AAACA0001F1Z4,Asian Paints Limited,162800.00,18.0,14652.00,14652.00,0.00,29304.00,192104.00
2B_0400,INV/23-24/16400,2023-08-03,29AAACI4567A1Z3,Infosys Limited,410400.00,5.0,0.00,0.00,20520.00,20520.00,430920.00
2B_0842,INV/23-24/16842,2023-12-19,29AAGCB1234K1ZY,Swiggy Bundl Technologies Pvt Ltd,18200.00,5.0,0.00,0.00,910.00,910.00,19110.00
2B_0807,INV/23-24/16807,2023-10-01,29AAGCB1234K1ZY,Swiggy Bundl Technologies Pvt Ltd,140500.00,5.0,0.00,0.00,7025.00,7025.00,147525.00
2B_0747,INV/23-24/16747,2023-08-19,29AAACT6677K1Z8,Titan Company Ltd,359900.00,18.0,0.00,0.00,64782.00,64782.00,424682.00
2B_0349,16349,2023-09-10,06AAACM9900N1ZG,Maruti Suzuki India Ltd,489900.00,12.0,0.00,0.00,58788.00,58788.00,548688.00
2B_0265,INV/23-24/16265,2023-09-09,24AAACA3322C1ZK,Adani Enterprises Ltd,155600.00,28.0,0.00,0.00,43568.00,43568.00,199168.00
2B_0193,INV/23-24/16193,2023-08-27,29AAGCB1234K1ZY,Swiggy Bundl Technologies Pvt Ltd,222200.00,5.0,0.00,0.00,11110.00,11110.00,233310.00
2B_0837,INV/23-24/16837,2023-04-14,24AAACS4433D1ZM,Sun Pharmaceutical Industries Ltd,178000.00,18.0,0.00,0.00,32040.00,32040.00,210040.00
2B_0965,INV/23-24/16965,2023-12-03,29AAACW1122J1Z7,Wipro Technologies Pvt Ltd,164000.00,5.0,0.00,0.00,8200.00,8200.00,172200.00
2B_0435,INV/23-24/16435,2023-11-20,06AAACM9900N1ZG,Maruti Suzuki India Ltd,260500.00,18.0,0.00,0.00,46890.00,46890.00,307390.00
2B_0413,INV/23-24/16413,2023-07-25,07AAACD5566T1ZE,Dabur India Limited,123500.00,5.0,0.00,0.00,6175.00,6175.00,129675.00
2B_0516,INV/23-24/16516,2024-03-26,27AAACT2727Q1ZW,Tata Consultancy Services Ltd,347600.00,28.0,48664.00,48664.00,0.00,97328.00,444928.00
2B_0450,INV/23-24/16450,2023-07-16,27AAACU3344R1Z0,UltraTech Cement Ltd,6200.00,18.0,558.00,558.00,0.00,1116.00,7316.00
2B_0289,INV/23-24/16289,2023-04-27,06AAACM9900N1ZG,Maruti Suzuki India Ltd,490200.00,5.0,0.00,0.00,24510.00,24510.00,514710.00
2B_0613,INV/23-24/16613,2023-11-13,29AAACI4567A1Z3,Infosys Limited,57900.00,18.0,0.00,0.00,10422.00,10422.00,68322.00
2B_0260,INV/23-24/16260,2024-04-24,27AABCR1234D1ZA,Reliance Retail Private Limited,201300.00,12.0,12078.00,12078.00,0.00,24156.00,225456.00
2B_0775,INV/23-24/16775,2023-04-03,24AAACS4433D1ZM,SUN PHARMA LTD,318100.00,12.0,0.00,0.00,38172.00,38172.00,356272.00
2B_0363,INV/23-24/16363,2024-02-28,27AAACG9876E1Z9,GODREJ CONSUMER PRODUCTS LIMITED,368000.00,28.0,51520.00,51520.00,0.00,103040.00,471040.00
2B_0609,INV/23-24/16609,2023-07-26,29AAACI4567A1Z3,INFOSYS TECHNOLOGIES LTD,136700.00,28.0,0.00,0.00,38276.00,38276.00,174976.00
2B_0657,INV/23-24/16657,2023-08-26,27AAACC5544E1ZO,Cipla Limited,98400.00,18.0,8856.00,8856.00,0.00,17712.00,116112.00
2B_0079,INV/23-24/16079,2023-06-23,29AAACW1122J1Z7,Wipro Technologies Pvt Ltd,153900.00,28.0,0.00,0.00,43092.00,43092.00,196992.00
2B_0792,INV/23-24/16792,2023-11-27,29AAACT6677K1Z8,Titan Company Ltd,385000.00,12.0,0.00,0.00,46200.00,46200.00,431200.00
2B_0912,INV/23-24/16912,2024-03-23,27AAACU3344R1Z0,UltraTech Cement Ltd,187100.00,18.0,16839.00,16839.00,0.00,33678.00,220778.00
2B_0308,INV/23-24/16308,2024-01-01,19AAACB6655F1ZQ,Britannia Industries Ltd,418300.00,18.0,0.00,0.00,75294.00,75294.00,493594.00
2B_0069,INV/23-24/16069,2023-04-22,27AAACL0123M1Z8,Larsen & Toubro Ltd,425600.00,28.0,59584.00,59584.00,0.00,119168.00,544768.00
2B_0798,INV/23-24/16798,2024-01-07,07AAACH2233P1ZC,Havells India Limited,424100.00,5.0,0.00,0.00,21205.00,21205.00,445305.00
2B_0473,INV/23-24/16473,2023-04-16,27AAACH1111B1Z2,Hindustan Unilever Ltd,341700.00,28.0,47838.00,47838.00,0.00,95676.00,437376.00
2B_0086,INV/23-24/16086,2023-12-14,29AAACT6677K1Z8,Titan Company Ltd,254600.00,5.0,0.00,0.00,12730.00,12730.00,267330.00
2B_0210,INV/23-24/16210,2023-05-20,27AAACU3344R1Z0,UltraTech Cement Ltd,244800.00,28.0,34272.00,34272.00,0.00,68544.00,313344.00
2B_0680,INV/23-24/16680,2023-07-02,29AAACT6677K1Z8,Titan Company Ltd,409000.00,12.0,0.00,0.00,49080.00,49080.00,458080.00
2B_0148,INV/23-24/16148,2024-02-10,07AAACH8877H1ZU,Hero MotoCorp Ltd,347300.00,5.0,0.00,0.00,17365.00,17365.00,364665.00
2B_0821,INV/23-24/16821,2023-12-24,29AAACW1122J1Z7,WIPRO LIMITED,418800.00,28.0,0.00,0.00,117264.00,117264.00,536064.00
2B_0913,INV/23-24/16913,2023-12-13,29AAGCB1234K1ZY,Swiggy Bundl Technologies Pvt Ltd,214500.00,28.0,0.00,0.00,60060.00,60060.00,274560.00
2B_0936,INV/23-24/16936,2023-08-05,27AAACT2727Q1ZW,Tata Consultancy Services Ltd,104400.00,18.0,9396.00,9396.00,0.00,18792.00,123192.00
2B_0567,INV/23-24/16567,2023-06-19,27AAACT2727Q1ZW,Tata Consultancy Services Ltd,390000.00,5.0,9750.00,9750.00,0.00,19500.00,409500.00
2B_0062,INV/23-24/16062,2023-09-10,27AABCR1234D1ZA,Reliance Retail Private Limited,132400.00,12.0,7944.00,7944.00,0.00,15888.00,148288.00
2B_0839,INV/23-24/16839,2024-01-06,27AAACB0002G1Z6,Bharat Petroleum Corp Ltd,103500.00,28.0,14490.00,14490.00,0.00,28980.00,132480.00
2B_0983,INV/23-24/16983,2024-03-02,27AABCR1234D1ZA,Reliance Retail Private Limited,200700.00,28.0,28098.00,28098.00,0.00,56196.00,256896.00
2B_0772,INV/23-24/16772,2024-01-01,29AAACW1122J1Z7,Wipro Technologies Pvt Ltd,169400.00,18.0,0.00,0.00,30492.00,30492.00,199892.00
2B_0510,INV/23-24/16510,2023-06-16,27AAACG9876E1Z9,Godrej Consumer Products Ltd,407800.00,18.0,36702.00,36702.00,0.00,73404.00,481204.00
2B_0317,INV/23-24/16317,2023-05-22,29AAACI4567A1Z3,Infosys Limited,443200.00,18.0,0.00,0.00,79776.00,79776.00,522976.00
2B_0999,INV/23-24/16999,2023-04-21,27AAACB0002G1Z6,Bharat Petroleum Corp Ltd,136300.00,28.0,19082.00,19082.00,0.00,38164.00,174464.00
2B_0757,INV/23-24/16757,2023-07-03,27AAACT2727Q1ZW,Tata Consultancy Services Ltd,441800.00,5.0,11045.00,11045.00,0.00,22090.00,463890.00
2B_0388,INV/23-24/16388,2024-02-13,27AAACL0123M1Z8,Larsen & Toubro Ltd,442100.00,5.0,11052.50,11052.50,0.00,22105.00,464205.00
2B_0290,INV/23-24/16290,2023-11-12,27AAACB2345H1Z5,Bajaj Electricals Ltd,63500.00,12.0,3810.00,3810.00,0.00,7620.00,71120.00
2B_0507,INV/23-24/16507,2023-04-13,29AAACW1122J1Z7,Wipro Technologies Pvt Ltd,318600.00,18.0,0.00,0.00,57348.00,57348.00,375948.00
2B_0506,INV/23-24/16506,2023-11-01,27AAACB2345H1Z5,Bajaj Electricals Ltd,365200.00,12.0,21912.00,21912.00,0.00,43824.00,409024.00
2B_0009,INV/23-24/16009,2023-09-30,29AAACI4567A1Z3,INFOSYS TECHNOLOGIES LTD,120800.00,5.0,0.00,0.00,6040.00,6040.00,126840.00
2B_0720,INV/23-24/16720,2024-04-13,27AAACG9876E1Z9,Godrej Consumer Products Ltd,285000.00,28.0,39900.00,39900.00,0.00,79800.00,364800.00
2B_0500,INV/23-24/16500,2023-09-27,24AAACS4433D1ZM,Sun Pharmaceutical Industries Ltd,61200.00,28.0,0.00,0.00,17136.00,17136.00,78336.00
2B_0640,INV/23-24/16640,2023-09-15,24AAACS4433D1ZM,Sun Pharmaceutical Industries Ltd,73600.00,28.0,0.00,0.00,20608.00,20608.00,94208.00
2B_0242,INV/23-24/16242,2023-09-14,07AAACH2233P1ZC,Havells India Limited,458400.00,18.0,0.00,0.00,82512.00,82512.00,540912.00
2B_0335,INV/23-24/16335,2024-01-04,29AAACT6677K1Z8,Titan Company Ltd,134700.00,5.0,0.00,0.00,6735.00,6735.00,141435.00
2B_0021,INV/23-24/16021,2023-08-06,27AAACB2345H1Z5,Bajaj Electricals Ltd,32400.00,12.0,1944.00,1944.00,0.00,3888.00,36288.00
2B_0158,INV/23-24/16158,2023-05-09,29AAGCB1234K1ZY,Swiggy Bundl Technologies Pvt Ltd,5600.00,5.0,0.00,0.00,280.00,280.00,5880.00
2B_0171,INV/23-24/16171,2024-03-20,07AAACD5566T1ZE,Dabur India Limited,448200.00,12.0,0.00,0.00,53784.00,53784.00,501984.00
2B_0714,INV/23-24/16714,2023-05-31,27AAACC5544E1ZO,Cipla Limited,51200.00,12.0,3072.00,3072.00,0.00,6144.00,57344.00
2B_1000,INV/23-24/17000,2024-01-09,29AAACW1122J1Z7,Wipro Technologies Pvt Ltd,450250.00,18.0,0.00,0.00,81045.00,81045.00,531295.00
2B_0848,INV/23-24/16848,2023-04-12,07AAACZ9988J1ZW,Zomato Private Limited,269300.00,18.0,0.00,0.00,48474.00,48474.00,317774.00
2B_0484,16484,2023-08-13,27AAACU3344R1Z0,UltraTech Cement Ltd,412000.00,5.0,10300.00,10300.00,0.00,20600.00,432600.00
2B_0316,INV/23-24/16316,2024-01-19,29AAACW1122J1Z7,Wipro Technologies Pvt Ltd,39600.00,28.0,0.00,0.00,11088.00,11088.00,50688.00
2B_0036,INV/23-24/16036,2023-07-12,07AAACZ9988J1ZW,Zomato Private Limited,167900.00,12.0,0.00,0.00,20148.00,20148.00,188048.00
2B_0430,INV/23-24/16430,2024-01-02,27AABCR1234D1ZA,Reliance Retail Private Limited,357100.00,12.0,21426.00,21426.00,0.00,42852.00,399952.00
2B_0696,INV/23-24/16696,2023-08-11,29AAACW1122J1Z7,Wipro Technologies Pvt Ltd,233900.00,5.0,0.00,0.00,11695.00,11695.00,245595.00
2B_0632,INV/23-24/16632,2023-11-07,27AAACM8890K1Z1,Mahindra & Mahindra Logistics Pvt Ltd,438300.00,12.0,26298.00,26298.00,0.00,52596.00,490896.00
2B_0120,INV/23-24/16120,2023-09-06,24AAACA3322C1ZK,Adani Enterprises Ltd,324000.00,5.0,0.00,0.00,16200.00,16200.00,340200.00
2B_0128,INV/23-24/16128,2024-02-07,08AAACV7766G1ZS,Vedanta Resources Ltd,96500.00,12.0,0.00,0.00,11580.00,11580.00,108080.00
2B_0698,INV/23-24/16698,2023-07-08,27AAACB2345H1Z5,Bajaj Electricals Ltd,290400.00,12.0,17424.00,17424.00,0.00,34848.00,325248.00
2B_0199,INV/23-24/16199,2023-07-01,29AAACI4567A1Z3,Infosys Limited,450900.00,5.0,0.00,0.00,22545.00,22545.00,473445.00
2B_0257,INV/23-24/16257,2023-12-30,29AAACW1122J1Z7,Wipro Technologies Pvt Ltd,423200.00,28.0,0.00,0.00,118496.00,118496.00,541696.00
2B_0426,INV/23-24/16426,2024-01-02,27AAACU3344R1Z0,UltraTech Cement Ltd,483600.00,18.0,43524.00,43524.00,0.00,87048.00,570648.00
2B_0850,INV/23-24/16850,2023-05-01,27AAACM8890K1Z1,Mahindra & Mahindra Logistics Pvt Ltd,378000.00,5.0,9450.00,9450.00,0.00,18900.00,396900.00
2B_0175,INV/23-24/16175,2024-02-08,27AAACB0002G1Z6,Bharat Petroleum Corp Ltd,144900.00,12.0,8694.00,8694.00,0.00,17388.00,162288.00
2B_0367,INV/23-24/16367,2023-04-05,27AAACH1111B1Z2,Hindustan Unilever Ltd,195500.00,5.0,4887.50,4887.50,0.00,9775.00,205275.00
2B_0052,INV/23-24/16052,2023-11-19,24AAACS4433D1ZM,Sun Pharmaceutical Industries Ltd,79400.00,28.0,0.00,0.00,22232.00,22232.00,101632.00
2B_0597,INV/23-24/16597,2023-09-06,29AAACW1122J1Z7,Wipro Technologies Pvt Ltd,195600.00,18.0,0.00,0.00,35208.00,35208.00,230808.00
2B_0982,INV/23-24/16982,2023-09-30,19AAACB6655F1ZQ,Britannia Industries Ltd,461500.00,5.0,0.00,0.00,23075.00,23075.00,484575.00
2B_0589,INV/23-24/16589,2023-07-23,27AAACG9876E1Z9,Godrej Consumer Products Ltd,445800.00,5.0,11145.00,11145.00,0.00,22290.00,468090.00
2B_0293,INV/23-24/16293,2023-05-12,06AAACM9900N1ZG,Maruti Suzuki India Ltd,375100.00,12.0,0.00,0.00,45012.00,45012.00,420112.00
2B_0573,INV/23-24/16573,2023-10-05,27AAACA0001F1Z4,Asian Paints Limited,454700.00,5.0,11367.50,11367.50,0.00,22735.00,477435.00
2B_0359,INV/23-24/16359,2024-01-12,27AAACT2727Q1ZW,Tata Consultancy Services Ltd,457800.00,28.0,64092.00,64092.00,0.00,128184.00,585984.00
2B_0104,INV/23-24/16104,2024-03-06,27AAACM8890K1Z1,Mahindra & Mahindra Logistics Pvt Ltd,263350.00,18.0,23701.50,23701.50,0.00,47403.00,310753.00
2B_0108,16108,2024-03-05,27AAACB0002G1Z6,Bharat Petroleum Corp Ltd,279600.00,5.0,6990.00,6990.00,0.00,13980.00,293580.00
2B_0404,INV/23-24/16404,2023-06-22,19AAACB6655F1ZQ,Britannia Industries Ltd,145600.00,28.0,0.00,0.00,40768.00,40768.00,186368.00
2B_0416,INV/23-24/16416,2023-06-13,19AAACB6655F1ZQ,Britannia Industries Ltd,17600.00,28.0,0.00,0.00,4928.00,4928.00,22528.00
2B_0861,INV/23-24/16861,2024-01-26,27AAACH1111B1Z2,Hindustan Unilever Ltd,336900.00,12.0,20214.00,20214.00,0.00,40428.00,377328.00
2B_0156,16156,2023-05-24,27AAACB2345H1Z5,Bajaj Electricals Ltd,377600.00,28.0,52864.00,52864.00,0.00,105728.00,483328.00
2B_0907,INV/23-24/16907,2024-03-26,27AAACH1111B1Z2,Hindustan Unilever Ltd,336800.00,28.0,47152.00,47152.00,0.00,94304.00,431104.00
2B_0724,INV/23-24/16724,2023-11-29,27AAACM8890K1Z1,Mahindra & Mahindra Logistics Pvt Ltd,229500.00,28.0,32130.00,32130.00,0.00,64260.00,293760.00
2B_0963,INV/23-24/16963,2023-12-08,27AAACA0001F1Z4,Asian Paints Limited,256700.00,12.0,15402.00,15402.00,0.00,30804.00,287504.00
2B_0930,INV/23-24/16930,2024-02-02,27AAACU3344R1Z0,UltraTech Cement Ltd,488300.00,28.0,68362.00,68362.00,0.00,136724.00,625024.00
2B_0085,16085,2023-09-02,27AAACG9876E1Z9,Godrej Consumer Products Ltd,246100.00,18.0,22149.00,22149.00,0.00,44298.00,290398.00
2B_0238,INV/23-24/16238,2024-02-22,27AABCR1234D1ZA,Reliance Retail Private Limited,199000.00,28.0,27860.00,27860.00,0.00,55720.00,254720.00
2B_0917,INV/23-24/16917,2024-01-17,27AAACM8890K1Z1,Mahindra & Mahindra Logistics Pvt Ltd,293500.00,5.0,7337.50,7337.50,0.00,14675.00,308175.00
2B_0300,INV/23-24/16300,2023-12-31,06AAACM9900N1ZG,Maruti Suzuki India Ltd,360800.00,18.0,0.00,0.00,64944.00,64944.00,425744.00
2B_0669,INV/23-24/16669,2023-08-28,07AAACH2233P1ZC,Havells India Limited,31900.00,5.0,0.00,0.00,1595.00,1595.00,33495.00
2B_0737,INV/23-24/16737,2024-03-20,27AAACC5544E1ZO,Cipla Limited,311600.00,12.0,18696.00,18696.00,0.00,37392.00,348992.00
2B_0873,INV/23-24/16873,2024-02-19,06AAACM9900N1ZG,Maruti Suzuki India Ltd,321500.00,5.0,0.00,0.00,16075.00,16075.00,337575.00
2B_0769,INV/23-24/16769,2023-04-10,32AAACA7788L1ZA,Apollo Tyres Ltd,37200.00,18.0,0.00,0.00,6696.00,6696.00,43896.00
2B_0890,16890,2023-05-16,19AAACB6655F1ZQ,Britannia Industries Ltd,230700.00,28.0,0.00,0.00,64596.00,64596.00,295296.00
2B_0990,INV/23-24/16990,2024-02-03,27AAACB0002G1Z6,Bharat Petroleum Corp Ltd,208800.00,18.0,18792.00,18792.00,0.00,37584.00,246384.00
2B_0100,INV/23-24/16100,2023-04-15,27AABCR1234D1ZA,Reliance Retail Private Limited,114600.00,12.0,6876.00,6876.00,0.00,13752.00,128352.00
2B_0654,INV/23-24/16654,2024-02-05,19AAACB6655F1ZQ,Britannia Industries Ltd,353900.00,28.0,0.00,0.00,99092.00,99092.00,452992.00
2B_0744,INV/23-24/16744,2023-06-27,27AAACG9876E1Z9,Godrej Consumer Products Ltd,197000.00,12.0,11820.00,11820.00,0.00,23640.00,220640.00
2B_0638,INV/23-24/16638,2024-03-17,27AAACT2727Q1ZW,Tata Consultancy Services Ltd,25800.00,18.0,2322.00,2322.00,0.00,4644.00,30444.00
2B_0126,INV/23-24/16126,2023-11-09,29AAGCB1234K1ZY,Swiggy Bundl Technologies Pvt Ltd,493000.00,5.0,0.00,0.00,24650.00,24650.00,517650.00
2B_0761,INV/23-24/16761,2023-06-23,27AAACT2727Q1ZW,Tata Consultancy Services Ltd,143800.00,5.0,3595.00,3595.00,0.00,7190.00,150990.00
2B_0721,INV/23-24/16721,2023-10-20,27AAACL0123M1Z8,Larsen & Toubro Ltd,153100.00,12.0,9186.00,9186.00,0.00,18372.00,171472.00
2B_0045,INV/23-24/16045,2023-08-21,29AAACW1122J1Z7,Wipro Technologies Pvt Ltd,147100.00,5.0,0.00,0.00,7355.00,7355.00,154455.00
2B_0181,INV/23-24/16181,2023-08-16,27AAACM8890K1Z1,Mahindra & Mahindra Logistics Pvt Ltd,369500.00,5.0,9237.50,9237.50,0.00,18475.00,387975.00
2B_0635,16635,2024-03-13,06AAACM9900N1ZG,Maruti Suzuki India Ltd,489400.00,28.0,0.00,0.00,137032.00,137032.00,626432.00
2B_0946,INV/23-24/16946,2023-12-21,27AAACL0123M1Z8,Larsen & Toubro Ltd,172200.00,5.0,4305.00,4305.00,0.00,8610.00,180810.00
2B_0513,INV/23-24/16513,2023-09-10,24AAACA3322C1ZK,Adani Enterprises Ltd,138600.00,12.0,0.00,0.00,16632.00,16632.00,155232.00
2B_0594,INV/23-24/16594,2023-05-22,29AAACW1122J1Z7,Wipro Technologies Pvt Ltd,125700.00,5.0,0.00,0.00,6285.00,6285.00,131985.00
2B_0960,INV/23-24/16960,2023-05-22,29AAACT6677K1Z8,Titan Company Ltd,340000.00,28.0,0.00,0.00,95200.00,95200.00,435200.00
2B_0766,INV/23-24/16766,2023-08-13,07AAACD5566T1ZE,Dabur India Limited,5200.00,28.0,0.00,0.00,1456.00,1456.00,6656.00
2B_0536,INV/23-24/16536,2024-03-08,29AAACT6677K1Z8,Titan Company Ltd,7000.00,12.0,0.00,0.00,840.00,840.00,7840.00
2B_0046,INV/23-24/16046,2023-04-29,19AAACB6655F1ZQ,Britannia Industries Ltd,177500.00,18.0,0.00,0.00,31950.00,31950.00,209450.00
2B_0518,INV/23-24/16518,2024-02-13,27AAACM8890K1Z1,Mahindra & Mahindra Logistics Pvt Ltd,67700.00,18.0,6093.00,6093.00,0.00,12186.00,79886.00
2B_0461,INV/23-24/16461,2023-10-16,07AAACZ9988J1ZW,Zomato Private Limited,41600.00,28.0,0.00,0.00,11648.00,11648.00,53248.00
2B_0891,INV/23-24/16891,2023-04-02,27AABCR1234D1ZA,Reliance Retail Private Limited,447200.00,28.0,62608.00,62608.00,0.00,125216.00,572416.00
2B_0817,INV/23-24/16817,2024-01-23,29AAGCB1234K1ZY,Swiggy Bundl Technologies Pvt Ltd,31600.00,5.0,0.00,0.00,1580.00,1580.00,33180.00
2B_0810,INV/23-24/16810,2024-05-17,24AAACS4433D1ZM,Sun Pharmaceutical Industries Ltd,235000.00,5.0,0.00,0.00,11750.00,11750.00,246750.00
2B_0058,INV/23-24/16058,2023-04-26,27AAACL0123M1Z8,L & T LIMITED,221000.00,12.0,13260.00,13260.00,0.00,26520.00,247520.00
2B_0538,INV/23-24/16538,2023-12-14,07AAACH2233P1ZC,Havells India Limited,414900.00,18.0,0.00,0.00,74682.00,74682.00,489582.00
2B_0534,INV/23-24/16534,2024-01-05,07AAACH8877H1ZU,Hero MotoCorp Ltd,165200.00,28.0,0.00,0.00,46256.00,46256.00,211456.00
2B_0994,INV/23-24/16994,2023-09-11,29AAACW1122J1Z7,Wipro Technologies Pvt Ltd,260100.00,5.0,0.00,0.00,13005.00,13005.00,273105.00
2B_0901,INV/23-24/16901,2023-07-01,32AAACA7788L1ZA,Apollo Tyres Ltd,71500.00,5.0,0.00,0.00,3575.00,3575.00,75075.00
2B_0280,INV/23-24/16280,2023-07-29,24AAACS4433D1ZM,Sun Pharmaceutical Industries Ltd,440200.00,5.0,0.00,0.00,22010.00,22010.00,462210.00
2B_0321,16321,2023-12-11,27AABCR1234D1ZA,Reliance Retail Private Limited,439900.00,18.0,39591.00,39591.00,0.00,79182.00,519082.00
2B_0498,INV/23-24/16498,2023-05-16,29AAACT6677K1Z8,Titan Company Ltd,29200.00,5.0,0.00,0.00,1460.00,1460.00,30660.00
2B_0644,INV/23-24/16644,2024-01-30,29AAACI4567A1Z3,Infosys Limited,414700.00,28.0,0.00,0.00,116116.00,116116.00,530816.00
2B_0203,INV/23-24/16203,2023-11-29,27AAACA0001F1Z4,Asian Paints Limited,492400.00,12.0,29544.00,29544.00,0.00,59088.00,551488.00
2B_0060,INV/23-24/16060,2024-03-12,24AAACA3322C1ZK,Adani Enterprises Ltd,131200.00,28.0,0.00,0.00,36736.00,36736.00,167936.00
2B_0213,INV/23-24/16213,2024-02-29,29AAACI4567A1Z3,Infosys Limited,20900.00,28.0,0.00,0.00,5852.00,5852.00,26752.00
2B_0142,INV/23-24/16142,2024-01-02,27AAACU3344R1Z0,UltraTech Cement Ltd,137100.00,12.0,8226.00,8226.00,0.00,16452.00,153552.00
2B_0446,INV/23-24/16446,2023-08-19,24AAACS4433D1ZM,Sun Pharmaceutical Industries Ltd,265900.00,28.0,0.00,0.00,74452.00,74452.00,340352.00
2B_0767,INV/23-24/16767,2023-10-02,07AAACH2233P1ZC,Havells India Limited,480700.00,5.0,0.00,0.00,24035.00,24035.00,504735.00
2B_0366,INV/23-24/16366,2023-04-08,27AAACA0001F1Z4,Asian Paints Limited,373200.00,28.0,52248.00,52248.00,0.00,104496.00,477696.00
2B_0253,INV/23-24/16253,2023-11-23,06AAACM9900N1ZG,Maruti Suzuki India Ltd,96800.00,18.0,0.00,0.00,17424.00,17424.00,114224.00
2B_0768,INV/23-24/16768,2023-05-05,07AAACD5566T1ZE,Dabur India Limited,156600.00,12.0,0.00,0.00,18792.00,18792.00,175392.00
2B_0217,INV/23-24/16217,2023-07-28,07AAACH8877H1ZU,Hero MotoCorp Ltd,43900.00,5.0,0.00,0.00,2195.00,2195.00,46095.00
2B_0918,16918,2023-12-22,29AAACT6677K1Z8,Titan Company Ltd,208700.00,28.0,0.00,0.00,58436.00,58436.00,267136.00
2B_0220,INV/23-24/16220,2024-01-12,27AAACH1111B1Z2,Hindustan Unilever Ltd,350600.00,18.0,31554.00,31554.00,0.00,63108.00,413708.00
2B_0639,INV/23-24/16639,2023-07-12,06AAACM9900N1ZG,Maruti Suzuki India Ltd,393500.00,12.0,0.00,0.00,47220.00,47220.00,440720.00
2B_0755,INV/23-24/16755,2024-01-10,24AAACS4433D1ZM,SUN PHARMA LTD,143200.00,28.0,0.00,0.00,40096.00,40096.00,183296.00
2B_0466,INV/23-24/16466,2023-10-03,07AAACD5566T1ZE,Dabur India Limited,84200.00,5.0,0.00,0.00,4210.00,4210.00,88410.00
2B_0736,16736,2023-11-25,29AAACT6677K1Z8,Titan Company Ltd,218700.00,12.0,0.00,0.00,26244.00,26244.00,244944.00
2B_0301,INV/23-24/16301,2023-08-04,27AAACL0123M1Z8,Larsen & Toubro Ltd,478500.00,5.0,11962.50,11962.50,0.00,23925.00,502425.00
2B_0408,INV/23-24/16408,2023-08-08,27AAACB2345H1Z5,Bajaj Electricals Ltd,25400.00,5.0,635.00,635.00,0.00,1270.00,26670.00
2B_0954,INV/23-24/16954,2023-11-06,27AAACT2727Q1ZW,Tata Consultancy Services Ltd,354400.00,28.0,49616.00,49616.00,0.00,99232.00,453632.00
2B_0098,INV/23-24/16098,2023-11-01,27AAACU3344R1Z0,UltraTech Cement Ltd,19300.00,12.0,1158.00,1158.00,0.00,2316.00,21616.00
2B_0362,INV/23-24/16362,2023-12-09,27AAACG9876E1Z9,Godrej Consumer Products Ltd,420500.00,5.0,10512.50,10512.50,0.00,21025.00,441525.00
2B_0742,INV/23-24/16742,2023-04-22,29AAGCB1234K1ZY,Swiggy Bundl Technologies Pvt Ltd,408500.00,28.0,0.00,0.00,114380.00,114380.00,522880.00
2B_0647,INV/23-24/16647,2023-12-26,24AAACS4433D1ZM,Sun Pharmaceutical Industries Ltd,202600.00,5.0,0.00,0.00,10130.00,10130.00,212730.00
2B_0169,INV/23-24/16169,2023-11-22,29AAACT6677K1Z8,Titan Company Ltd,100600.00,18.0,0.00,0.00,18108.00,18108.00,118708.00
2B_0344,INV/23-24/16344,2023-12-08,27AAACG9876E1Z9,Godrej Consumer Products Ltd,115800.00,5.0,2895.00,2895.00,0.00,5790.00,121590.00
2B_0419,INV/23-24/16419,2023-08-18,07AAACZ9988J1ZW,Zomato Private Limited,482800.00,5.0,0.00,0.00,24140.00,24140.00,506940.00
2B_0163,INV/23-24/16163,2023-12-03,07AAACH2233P1ZC,Havells India Limited,337600.00,5.0,0.00,0.00,16880.00,16880.00,354480.00
2B_0014,16014,2024-01-19,24AAACA3322C1ZK,Adani Enterprises Ltd,69600.00,28.0,0.00,0.00,19488.00,19488.00,89088.00
2B_0576,INV/23-24/16576,2023-07-19,27AAACA0001F1Z4,Asian Paints Limited,115500.00,12.0,6930.00,6930.00,0.00,13860.00,129360.00
2B_0569,INV/23-24/16569,2024-02-01,19AAACB6655F1ZQ,Britannia Industries Ltd,210800.00,28.0,0.00,0.00,59024.00,59024.00,269824.00
2B_0474,INV/23-24/16474,2024-01-20,29AAACT6677K1Z8,Titan Company Ltd,312200.00,18.0,0.00,0.00,56196.00,56196.00,368396.00
2B_0701,INV/23-24/16701,2024-02-28,29AAACI4567A1Z3,Infosys Limited,311500.00,12.0,0.00,0.00,37380.00,37380.00,348880.00
2B_0024,INV/23-24/16024,2023-09-02,19AAACB6655F1ZQ,Britannia Industries Ltd,20300.00,5.0,0.00,0.00,1015.00,1015.00,21315.00
2B_0790,INV/23-24/16790,2023-09-26,27AAACG9876E1Z9,Godrej Consumer Products Ltd,323700.00,5.0,8092.50,8092.50,0.00,16185.00,339885.00
2B_0738,INV/23-24/16738,2023-06-18,07AAACZ9988J1ZW,Zomato Private Limited,112500.00,18.0,0.00,0.00,20250.00,20250.00,132750.00
2B_0668,INV/23-24/16668,2023-04-21,27AAACB0002G1Z6,Bharat Petroleum Corp Ltd,370000.00,12.0,22200.00,22200.00,0.00,44400.00,414400.00
2B_0297,INV/23-24/16297,2023-10-18,32AAACA7788L1ZA,Apollo Tyres Ltd,433500.00,12.0,0.00,0.00,52020.00,52020.00,485520.00
2B_0727,INV/23-24/16727,2023-06-01,27AAACM8890K1Z1,Mahindra & Mahindra Logistics Pvt Ltd,353700.00,5.0,8842.50,8842.50,0.00,17685.00,371385.00
